index,name,class,label,R,G,B,H,S,V,a*,b*,empty_mask,split
0,riped_tomato_10.jpeg,unripe,0,139.4161834716797,160.5985565185547,112.05428314208984,101.48539733886719,0.3357556164264679,0.6361801624298096,-15.26861572265625,22.31739616394043,False,train
1,unriped_tomato_1.jpeg,unripe,0,150.77760314941406,181.9517059326172,134.26031494140625,103.27349090576172,0.29275599122047424,0.7140128016471863,-19.010995864868164,20.81093978881836,False,test
2,unriped_tomato_11.jpeg,unripe,0,159.8260955810547,215.48011779785156,73.2674789428711,84.87185668945312,0.6701825261116028,0.8474841117858887,-38.23426055908203,60.91161346435547,False,train
3,unriped_tomato_12.jpeg,unripe,0,148.4615936279297,161.71994018554688,136.90032958984375,106.15825653076172,0.19575802981853485,0.6397103071212769,-9.107925415039062,11.502535820007324,False,test
4,unriped_tomato_14.jpeg,unripe,0,125.89447021484375,157.2650604248047,113.72679901123047,108.90118408203125,0.31473875045776367,0.6172065138816833,-19.048381805419922,19.325044631958008,False,train
5,unriped_tomato_15.jpeg,unripe,0,147.23532104492188,176.00340270996094,131.2985382080078,104.61705017089844,0.29624781012535095,0.6939527988433838,-17.80834197998047,19.920866012573242,False,train
6,unriped_tomato_17.jpeg,unripe,0,170.050048828125,193.0513458251953,86.36028289794922,72.7701187133789,0.5696854591369629,0.7570640444755554,-22.937118530273438,48.90342330932617,False,train
7,unriped_tomato_2.jpeg,unripe,0,215.86019897460938,203.74330139160156,120.474853515625,52.97989273071289,0.43501898646354675,0.851338803768158,-6.261712074279785,42.11409378051758,False,validation
8,unriped_tomato_25.jpeg,unripe,0,118.39079284667969,147.63748168945312,73.43583679199219,86.80033111572266,0.5377748608589172,0.5927820205688477,-21.617168426513672,34.42316436767578,False,train
9,unriped_tomato_27.jpeg,unripe,0,148.33154296875,178.23052978515625,83.75957489013672,82.2015380859375,0.5348524451255798,0.6989669799804688,-24.698951721191406,43.684410095214844,False,train
10,unriped_tomato_3.jpeg,unripe,0,156.9632110595703,191.38673400878906,57.08871841430664,77.43257141113281,0.7111608982086182,0.7579986453056335,-29.258474349975586,59.09687423706055,False,validation
11,unriped_tomato_31.jpeg,unripe,0,148.3776397705078,193.3060302734375,82.47222137451172,84.90713500976562,0.5826647877693176,0.7580704689025879,-31.992218017578125,49.274444580078125,False,train
12,unriped_tomato_34.jpeg,unripe,0,195.85365295410156,198.33876037597656,111.40678405761719,59.59269332885742,0.46706563234329224,0.805020272731781,-12.61925220489502,41.71025466918945,False,validation
13,unriped_tomato_35.jpeg,unripe,0,106.28402709960938,152.8364715576172,40.5732421875,87.1974105834961,0.7491327524185181,0.5993937849998474,-31.80970573425293,47.42021942138672,False,train
14,unriped_tomato_4.jpeg,unripe,0,159.1053924560547,171.83892822265625,116.04129791259766,89.15081787109375,0.33364471793174744,0.6786847114562988,-12.815805435180664,26.416446685791016,False,train
15,unriped_tomato_43.jpeg,unripe,0,34.17216873168945,83.34342193603516,40.61214828491211,132.42005920410156,0.6522551774978638,0.3290731906890869,-25.245882034301758,18.37242889404297,False,test
16,unriped_tomato_51.jpeg,unripe,0,159.83920288085938,162.82078552246094,113.47506713867188,68.65768432617188,0.35871177911758423,0.6739487648010254,-8.286981582641602,25.361312866210938,False,validation
17,unriped_tomato_54.jpeg,unripe,0,97.08638000488281,95.2170181274414,30.91254425048828,61.99890899658203,0.7531183362007141,0.46768027544021606,-6.1556010246276855,35.761112213134766,False,train
18,unriped_tomato_55.jpeg,unripe,0,162.59075927734375,159.0548095703125,98.15969848632812,53.09378433227539,0.41652384400367737,0.6599017381668091,-7.567009925842285,31.85556411743164,False,train
19,unriped_tomato_58.jpeg,unripe,0,172.909912109375,190.82237243652344,85.86659240722656,70.43116760253906,0.5520368814468384,0.7485125064849854,-20.988401412963867,49.43973922729492,False,train
20,unriped_tomato_6.jpeg,unripe,0,180.75997924804688,197.13009643554688,137.099853515625,77.08772277832031,0.3158312439918518,0.7806360721588135,-14.728788375854492,27.705503463745117,False,test
21,unriped_tomato_61.jpeg,unripe,0,153.13941955566406,184.28981018066406,50.196022033691406,74.08660888671875,0.7304649949073792,0.7274664640426636,-27.508529663085938,57.23565673828125,False,validation
22,unriped_tomato_62.jpeg,unripe,0,142.86024475097656,161.20774841308594,50.546287536621094,68.27140808105469,0.6935654878616333,0.646018922328949,-20.9432430267334,51.283695220947266,False,train
23,unriped_tomato_64.jpeg,unripe,0,144.4844970703125,154.4932098388672,48.23756790161133,66.04322052001953,0.7068875432014465,0.6061210632324219,-17.13682746887207,49.87296676635742,False,train
24,unriped_tomato_65.jpeg,unripe,0,162.1914825439453,169.5376434326172,78.72815704345703,76.5628890991211,0.5287052392959595,0.6742813587188721,-13.766005516052246,41.61422348022461,False,test
25,unriped_tomato_72.jpeg,unripe,0,112.92029571533203,127.20758819580078,44.461517333984375,68.15586853027344,0.6390767097473145,0.5069112181663513,-16.23080825805664,38.1754035949707,False,train
26,unriped_tomato_74.jpeg,unripe,0,127.80712127685547,145.3575897216797,61.92148971557617,73.2996597290039,0.5945821404457092,0.5700494647026062,-18.497058868408203,39.947105407714844,False,train
27,unriped_tomato_8.jpeg,unripe,0,155.48171997070312,183.0015106201172,72.56648254394531,75.47100067138672,0.6138648390769958,0.717731237411499,-25.04299545288086,50.116859436035156,False,validation
28,unriped_tomato_9.jpeg,unripe,0,151.07763671875,174.32257080078125,67.0348129272461,72.56292724609375,0.6194705963134766,0.684666097164154,-23.165084838867188,49.900230407714844,False,test
29,riped_tomato_11.jpeg,ripe,1,182.29165649414062,154.2181854248047,144.94882202148438,19.15936851501465,0.30811405181884766,0.7533921599388123,9.802498817443848,9.892410278320312,False,train
30,riped_tomato_12.jpeg,ripe,1,148.04403686523438,173.94015502929688,34.08518600463867,72.51371765136719,0.8121166825294495,0.7150320410728455,-25.900541305541992,61.20803451538086,False,train
31,riped_tomato_13.jpeg,ripe,1,125.99579620361328,35.21281433105469,13.778233528137207,16.099130630493164,0.8516902327537537,0.5063063502311707,34.33709716796875,33.882999420166016,False,train
32,riped_tomato_14.jpeg,ripe,1,224.41018676757812,147.86106872558594,64.8718032836914,33.11569595336914,0.6949711441993713,0.883432924747467,22.455936431884766,51.58351516723633,False,validation
33,riped_tomato_15.jpeg,ripe,1,202.4113311767578,140.1701202392578,63.24570846557617,34.89921569824219,0.7140910625457764,0.7971150875091553,17.028553009033203,48.30155944824219,False,train
34,riped_tomato_16.jpeg,ripe,1,189.8472137451172,62.73402786254883,58.1422119140625,4.920431613922119,0.7108168601989746,0.7446888089179993,47.206974029541016,33.15108108520508,False,validation
35,riped_tomato_20.jpeg,ripe,1,161.4357147216797,51.3541145324707,26.65772819519043,11.97938060760498,0.8262025117874146,0.634197473526001,42.783599853515625,39.23280715942383,False,validation
36,riped_tomato_21.jpeg,ripe,1,201.99227905273438,94.1171646118164,80.41033935546875,11.678215026855469,0.602885365486145,0.7974454164505005,38.49519729614258,33.44914245605469,False,train
37,riped_tomato_22.jpeg,ripe,1,192.0240936279297,55.276031494140625,30.846298217773438,8.52731704711914,0.8556816577911377,0.7535160183906555,51.453948974609375,44.924644470214844,False,test
38,riped_tomato_25.jpeg,ripe,1,202.05029296875,95.04501342773438,84.53675079345703,3.9227964878082275,0.6063482761383057,0.7923586964607239,41.422489166259766,27.65086555480957,False,train
39,riped_tomato_28.jpeg,ripe,1,188.6357879638672,72.83004760742188,42.56422424316406,15.78879451751709,0.7605928182601929,0.7414746284484863,43.67905807495117,41.987648010253906,False,validation
40,riped_tomato_29.jpeg,ripe,1,199.83206176757812,68.14065551757812,51.73255157470703,8.947091102600098,0.7664608955383301,0.7865592241287231,46.716068267822266,41.276729583740234,False,train
41,riped_tomato_3.jpeg,ripe,1,181.94363403320312,103.24118041992188,76.97683715820312,8.592984199523926,0.5482049584388733,0.7150048613548279,28.308147430419922,29.852834701538086,False,train
42,riped_tomato_31.jpeg,ripe,1,156.75546264648438,17.728757858276367,9.993505477905273,2.96635365486145,0.9218480587005615,0.6147273182868958,50.01992416381836,41.01611328125,False,train
43,riped_tomato_33.jpeg,ripe,1,182.25794982910156,77.68818664550781,49.736305236816406,12.730524063110352,0.7296562194824219,0.714737057685852,40.357513427734375,37.39189529418945,False,train
44,riped_tomato_4.jpeg,ripe,1,236.6777801513672,192.2386016845703,154.1256866455078,31.71892547607422,0.3540884554386139,0.9367440342903137,11.12983226776123,25.73835563659668,False,train
45,riped_tomato_40.jpeg,ripe,1,216.4586181640625,65.31475830078125,23.605667114257812,13.813445091247559,0.8898007273674011,0.8545736074447632,55.254722595214844,54.69856643676758,False,test
46,riped_tomato_42.jpeg,ripe,1,175.031494140625,42.33903884887695,29.536401748657227,7.731532096862793,0.8175815939903259,0.6873817443847656,50.09008026123047,40.665626525878906,False,train
47,riped_tomato_45.jpeg,ripe,1,210.2622528076172,91.45405578613281,34.20973205566406,25.031675338745117,0.8266549110412598,0.8375680446624756,41.2758903503418,53.53328323364258,False,train
48,riped_tomato_46.jpeg,ripe,1,200.380859375,73.8414077758789,53.934242248535156,11.150525093078613,0.7342233061790466,0.7874494194984436,45.87526321411133,40.38113784790039,False,train
49,riped_tomato_52.jpeg,ripe,1,182.72018432617188,53.86631393432617,30.90732192993164,8.609793663024902,0.8455038666725159,0.7174261808395386,48.348976135253906,42.6941032409668,False,test
50,riped_tomato_6.jpeg,ripe,1,200.70465087890625,68.60331726074219,52.76242446899414,6.556766986846924,0.7305271029472351,0.7870779037475586,50.713172912597656,38.52071762084961,False,test
51,riped_tomato_7.jpeg,ripe,1,200.12197875976562,73.24606323242188,42.05465316772461,17.34467887878418,0.8079274892807007,0.8032782077789307,42.19761276245117,47.840999603271484,False,train
52,riped_tomato_73.jpeg,ripe,1,219.881103515625,70.59281921386719,65.56873321533203,2.9053940773010254,0.7276496291160583,0.866355299949646,55.29487228393555,38.858299255371094,False,validation
53,riped_tomato_78.jpeg,ripe,1,182.30690002441406,142.207275390625,127.03457641601562,4.0800042152404785,0.3543826639652252,0.7396488785743713,14.35828971862793,14.7837495803833,False,train
54,riped_tomato_8.jpeg,ripe,1,116.35161590576172,94.43795013427734,46.71693801879883,28.109176635742188,0.529026210308075,0.4693968892097473,4.750108242034912,26.286218643188477,False,train
55,riped_tomato_80.jpeg,ripe,1,197.10304260253906,133.01219177246094,106.095458984375,25.029048919677734,0.49211838841438293,0.815524160861969,21.21417808532715,27.557783126831055,False,validation
56,riped_tomato_82.jpeg,ripe,1,195.30429077148438,155.47108459472656,125.4176254272461,50.63254928588867,0.4129887819290161,0.8327354788780212,11.335006713867188,24.61433219909668,False,train
57,riped_tomato_83.jpeg,ripe,1,170.6761932373047,60.49922180175781,27.130538940429688,17.569604873657227,0.8384045362472534,0.6736781001091003,39.32317352294922,43.76019287109375,False,test
58,riped_tomato_9.jpeg,ripe,1,227.92532348632812,118.57234954833984,80.55465698242188,19.499889373779297,0.6469665169715881,0.9125637412071228,38.447532653808594,41.43091583251953,False,train
59,riped_tomato_97.jpeg,ripe,1,229.6061248779297,182.09246826171875,155.32469177246094,24.10494613647461,0.3221598267555237,0.900505542755127,14.050158500671387,20.846515655517578,False,test
