repeat,mask_source,strategy,features,threshold,auc,accuracy,sensitivity,specificity,balanced_accuracy,precision,f1,tn,fp,fn,tp
0,kmeans,Bayes + análisis,"H,G,R",-1.2779805524140233,1.0,0.9166666666666666,1.0,0.8333333333333334,0.9166666666666667,0.8571428571428571,0.923076923076923,5,1,0,6
0,kmeans,Bayes + SFS,"H,B",-1.3012899451479463,1.0,1.0,1.0,1.0,1.0,1.0,1.0,6,0,0,6
0,kmeans,PCA + Bayes,"PC1,PC2,PC3",0.8983976593430789,1.0,1.0,1.0,1.0,1.0,1.0,1.0,6,0,0,6
0,reference,Bayes + análisis,"H,R,S",-1.7630405131700932,1.0,1.0,1.0,1.0,1.0,1.0,1.0,6,0,0,6
0,reference,Bayes + SFS,H,-1.589095083972751,1.0,1.0,1.0,1.0,1.0,1.0,1.0,6,0,0,6
0,reference,PCA + Bayes,"PC1,PC2,PC3",-3.22120084917713,1.0,1.0,1.0,1.0,1.0,1.0,1.0,6,0,0,6
0,kmeans_linear_hue,Bayes + análisis,"a*,R,S",3.765875849088679,1.0,1.0,1.0,1.0,1.0,1.0,1.0,6,0,0,6
0,kmeans_linear_hue,Bayes + SFS,"a*,S",2.858932095832512,1.0,1.0,1.0,1.0,1.0,1.0,1.0,6,0,0,6
0,kmeans_linear_hue,PCA + Bayes,"PC1,PC2,PC3,PC4",-0.533199934243628,1.0,1.0,1.0,1.0,1.0,1.0,1.0,6,0,0,6
1,kmeans,Bayes + análisis,"H,R,G",1.4710493616369007,1.0,1.0,1.0,1.0,1.0,1.0,1.0,6,0,0,6
1,kmeans,Bayes + SFS,"H,R",2.3216205856348475,1.0,1.0,1.0,1.0,1.0,1.0,1.0,6,0,0,6
1,kmeans,PCA + Bayes,"PC1,PC2,PC3",-0.8708854803511388,1.0,1.0,1.0,1.0,1.0,1.0,1.0,6,0,0,6
1,reference,Bayes + análisis,"a*,R,S",3.9561724964418588,1.0,1.0,1.0,1.0,1.0,1.0,1.0,6,0,0,6
1,reference,Bayes + SFS,H,-6.826763889505001,1.0,1.0,1.0,1.0,1.0,1.0,1.0,6,0,0,6
1,reference,PCA + Bayes,"PC1,PC2,PC3",-4.8671659728759895,1.0,1.0,1.0,1.0,1.0,1.0,1.0,6,0,0,6
1,kmeans_linear_hue,Bayes + análisis,"a*,R,G",2.142475614672821,1.0,1.0,1.0,1.0,1.0,1.0,1.0,6,0,0,6
1,kmeans_linear_hue,Bayes + SFS,"a*,R,S",2.690932922160064,1.0,1.0,1.0,1.0,1.0,1.0,1.0,6,0,0,6
1,kmeans_linear_hue,PCA + Bayes,"PC1,PC2,PC3,PC4",1.365739327480759,1.0,0.9166666666666666,0.8333333333333334,1.0,0.9166666666666667,1.0,0.9090909090909091,6,0,1,5
2,kmeans,Bayes + análisis,"H,G,R",3.9940599957849097,1.0,1.0,1.0,1.0,1.0,1.0,1.0,6,0,0,6
2,kmeans,Bayes + SFS,"H,B,S",2.731631845273767,1.0,1.0,1.0,1.0,1.0,1.0,1.0,6,0,0,6
2,kmeans,PCA + Bayes,"PC1,PC2,PC3",1.1743014726411185,1.0,0.9166666666666666,0.8333333333333334,1.0,0.9166666666666667,1.0,0.9090909090909091,6,0,1,5
2,reference,Bayes + análisis,"a*,R,S",11.556703493926367,1.0,1.0,1.0,1.0,1.0,1.0,1.0,6,0,0,6
2,reference,Bayes + SFS,H,3.6952435763878073,1.0,1.0,1.0,1.0,1.0,1.0,1.0,6,0,0,6
2,reference,PCA + Bayes,"PC1,PC2,PC3",-1.9749697807406807,1.0,1.0,1.0,1.0,1.0,1.0,1.0,6,0,0,6
2,kmeans_linear_hue,Bayes + análisis,"a*,R,S",8.702173212149638,1.0,0.9166666666666666,0.8333333333333334,1.0,0.9166666666666667,1.0,0.9090909090909091,6,0,1,5
2,kmeans_linear_hue,Bayes + SFS,"a*,B,S",9.514467053942399,1.0,0.9166666666666666,0.8333333333333334,1.0,0.9166666666666667,1.0,0.9090909090909091,6,0,1,5
2,kmeans_linear_hue,PCA + Bayes,"PC1,PC2,PC3,PC4",-0.38913439528381044,0.9444444444444445,0.75,0.8333333333333334,0.6666666666666666,0.75,0.7142857142857143,0.7692307692307692,4,2,1,5
3,kmeans,Bayes + análisis,"H,G,R",12.567373875867698,1.0,0.9166666666666666,0.8333333333333334,1.0,0.9166666666666667,1.0,0.9090909090909091,6,0,1,5
3,kmeans,Bayes + SFS,H,4.449051803881665,1.0,1.0,1.0,1.0,1.0,1.0,1.0,6,0,0,6
3,kmeans,PCA + Bayes,"PC1,PC2,PC3",4.150193213013756,1.0,0.75,0.5,1.0,0.75,1.0,0.6666666666666666,6,0,3,3
3,reference,Bayes + análisis,"a*,R,S",24.899593552578878,1.0,1.0,1.0,1.0,1.0,1.0,1.0,6,0,0,6
3,reference,Bayes + SFS,G,4.033604175171895,1.0,0.9166666666666666,0.8333333333333334,1.0,0.9166666666666667,1.0,0.9090909090909091,6,0,1,5
3,reference,PCA + Bayes,"PC1,PC2,PC3",1.425404895185245,1.0,1.0,1.0,1.0,1.0,1.0,1.0,6,0,0,6
3,kmeans_linear_hue,Bayes + análisis,"a*,R,H",26.229752829822807,1.0,0.75,0.5,1.0,0.75,1.0,0.6666666666666666,6,0,3,3
3,kmeans_linear_hue,Bayes + SFS,a*,21.553843557112053,1.0,0.75,0.5,1.0,0.75,1.0,0.6666666666666666,6,0,3,3
3,kmeans_linear_hue,PCA + Bayes,"PC1,PC2,PC3,PC4",2.095261442938351,0.9444444444444444,0.8333333333333334,0.6666666666666666,1.0,0.8333333333333333,1.0,0.8,6,0,2,4
4,kmeans,Bayes + análisis,"H,G,R",10.736656812244501,1.0,0.9166666666666666,0.8333333333333334,1.0,0.9166666666666667,1.0,0.9090909090909091,6,0,1,5
4,kmeans,Bayes + SFS,"H,S",1.507870341032148,1.0,1.0,1.0,1.0,1.0,1.0,1.0,6,0,0,6
4,kmeans,PCA + Bayes,"PC1,PC2,PC3",1.6351911618484487,1.0,1.0,1.0,1.0,1.0,1.0,1.0,6,0,0,6
4,reference,Bayes + análisis,"H,S,R",9.432780807276227,1.0,1.0,1.0,1.0,1.0,1.0,1.0,6,0,0,6
4,reference,Bayes + SFS,H,7.0288981102321,1.0,1.0,1.0,1.0,1.0,1.0,1.0,6,0,0,6
4,reference,PCA + Bayes,"PC1,PC2,PC3",1.0854716602543242,1.0,1.0,1.0,1.0,1.0,1.0,1.0,6,0,0,6
4,kmeans_linear_hue,Bayes + análisis,"a*,R,S",13.170691068066025,1.0,1.0,1.0,1.0,1.0,1.0,1.0,6,0,0,6
4,kmeans_linear_hue,Bayes + SFS,"a*,S,V,B,H",5.777126394710085,1.0,1.0,1.0,1.0,1.0,1.0,1.0,6,0,0,6
4,kmeans_linear_hue,PCA + Bayes,"PC1,PC2,PC3,PC4",0.2014862968707427,0.9444444444444444,0.9166666666666666,1.0,0.8333333333333334,0.9166666666666667,0.8571428571428571,0.923076923076923,5,1,0,6
5,kmeans,Bayes + análisis,"a*,G,R",-0.2608861723045788,1.0,1.0,1.0,1.0,1.0,1.0,1.0,6,0,0,6
5,kmeans,Bayes + SFS,H,-1.5833330575156843,1.0,1.0,1.0,1.0,1.0,1.0,1.0,6,0,0,6
5,kmeans,PCA + Bayes,"PC1,PC2,PC3",-1.3918042986326356,1.0,1.0,1.0,1.0,1.0,1.0,1.0,6,0,0,6
5,reference,Bayes + análisis,"a*,R,S",-2.0452751913604486,1.0,1.0,1.0,1.0,1.0,1.0,1.0,6,0,0,6
5,reference,Bayes + SFS,G,3.164608701322816,1.0,0.9166666666666666,0.8333333333333334,1.0,0.9166666666666667,1.0,0.9090909090909091,6,0,1,5
5,reference,PCA + Bayes,"PC1,PC2,PC3",-3.588255721442988,1.0,1.0,1.0,1.0,1.0,1.0,1.0,6,0,0,6
5,kmeans_linear_hue,Bayes + análisis,"a*,G,R",-0.2608861723045788,1.0,1.0,1.0,1.0,1.0,1.0,1.0,6,0,0,6
5,kmeans_linear_hue,Bayes + SFS,a*,0.04647781222519498,1.0,1.0,1.0,1.0,1.0,1.0,1.0,6,0,0,6
5,kmeans_linear_hue,PCA + Bayes,"PC1,PC2,PC3,PC4",2.7944356364071075,0.9722222222222223,0.8333333333333334,0.8333333333333334,0.8333333333333334,0.8333333333333334,0.8333333333333334,0.8333333333333334,5,1,1,5
6,kmeans,Bayes + análisis,"H,G,S",-2.33017465752481,1.0,0.9166666666666666,1.0,0.8333333333333334,0.9166666666666667,0.8571428571428571,0.923076923076923,5,1,0,6
6,kmeans,Bayes + SFS,"H,B",0.15350793327432655,1.0,1.0,1.0,1.0,1.0,1.0,1.0,6,0,0,6
6,kmeans,PCA + Bayes,"PC1,PC2,PC3",-1.8202910505971777,1.0,0.75,1.0,0.5,0.75,0.6666666666666666,0.8,3,3,0,6
6,reference,Bayes + análisis,"a*,R,S",-2.9035220917870417,1.0,1.0,1.0,1.0,1.0,1.0,1.0,6,0,0,6
6,reference,Bayes + SFS,G,-1.7491322521218233,1.0,0.8333333333333334,1.0,0.6666666666666666,0.8333333333333333,0.75,0.8571428571428571,4,2,0,6
6,reference,PCA + Bayes,"PC1,PC2,PC3",-4.686024687011915,1.0,1.0,1.0,1.0,1.0,1.0,1.0,6,0,0,6
6,kmeans_linear_hue,Bayes + análisis,"a*,S,H",0.2941625791243929,1.0,1.0,1.0,1.0,1.0,1.0,1.0,6,0,0,6
6,kmeans_linear_hue,Bayes + SFS,"G,S,a*,B",-3.846900936223668,0.9166666666666667,0.6666666666666666,1.0,0.3333333333333333,0.6666666666666666,0.6,0.7499999999999999,2,4,0,6
6,kmeans_linear_hue,PCA + Bayes,"PC1,PC2,PC3",-0.008909220646009075,0.9444444444444444,0.9166666666666666,1.0,0.8333333333333334,0.9166666666666667,0.8571428571428571,0.923076923076923,5,1,0,6
7,kmeans,Bayes + análisis,"H,G,R",2.775367375174314,1.0,1.0,1.0,1.0,1.0,1.0,1.0,6,0,0,6
7,kmeans,Bayes + SFS,"H,S",1.0273734841491269,1.0,1.0,1.0,1.0,1.0,1.0,1.0,6,0,0,6
7,kmeans,PCA + Bayes,"PC1,PC2,PC3",0.26403353585101996,1.0,1.0,1.0,1.0,1.0,1.0,1.0,6,0,0,6
7,reference,Bayes + análisis,"a*,R,S",1.7687074821384225,1.0,1.0,1.0,1.0,1.0,1.0,1.0,6,0,0,6
7,reference,Bayes + SFS,H,-0.9050276664936838,1.0,1.0,1.0,1.0,1.0,1.0,1.0,6,0,0,6
7,reference,PCA + Bayes,"PC1,PC2,PC3",-3.2676086539665414,1.0,1.0,1.0,1.0,1.0,1.0,1.0,6,0,0,6
7,kmeans_linear_hue,Bayes + análisis,"a*,R,H",9.580814970923921,1.0,1.0,1.0,1.0,1.0,1.0,1.0,6,0,0,6
7,kmeans_linear_hue,Bayes + SFS,"a*,S,B,H",5.400393537232839,1.0,1.0,1.0,1.0,1.0,1.0,1.0,6,0,0,6
7,kmeans_linear_hue,PCA + Bayes,"PC1,PC2,PC3,PC4",-0.10519734507795953,1.0,1.0,1.0,1.0,1.0,1.0,1.0,6,0,0,6
8,kmeans,Bayes + análisis,"H,G,S",-0.7095580248018534,1.0,1.0,1.0,1.0,1.0,1.0,1.0,6,0,0,6
8,kmeans,Bayes + SFS,"H,S,R,B",0.9400439185801872,1.0,0.9166666666666666,1.0,0.8333333333333334,0.9166666666666667,0.8571428571428571,0.923076923076923,5,1,0,6
8,kmeans,PCA + Bayes,"PC1,PC2,PC3",-1.446598138341102,1.0,0.9166666666666666,1.0,0.8333333333333334,0.9166666666666667,0.8571428571428571,0.923076923076923,5,1,0,6
8,reference,Bayes + análisis,"a*,R,S",24.419199726973964,1.0,1.0,1.0,1.0,1.0,1.0,1.0,6,0,0,6
8,reference,Bayes + SFS,H,2.284096023652994,1.0,1.0,1.0,1.0,1.0,1.0,1.0,6,0,0,6
8,reference,PCA + Bayes,"PC1,PC2,PC3",-4.54805770650135,1.0,1.0,1.0,1.0,1.0,1.0,1.0,6,0,0,6
8,kmeans_linear_hue,Bayes + análisis,"a*,H,S",2.580697946181165,1.0,1.0,1.0,1.0,1.0,1.0,1.0,6,0,0,6
8,kmeans_linear_hue,Bayes + SFS,"a*,S,B,H,V,R",3.7497442452495555,1.0,1.0,1.0,1.0,1.0,1.0,1.0,6,0,0,6
8,kmeans_linear_hue,PCA + Bayes,"PC1,PC2,PC3",-0.6374461027040592,0.9722222222222223,0.8333333333333334,0.8333333333333334,0.8333333333333334,0.8333333333333334,0.8333333333333334,0.8333333333333334,5,1,1,5
9,kmeans,Bayes + análisis,"H,G,R",-0.3678955283652794,1.0,1.0,1.0,1.0,1.0,1.0,1.0,6,0,0,6
9,kmeans,Bayes + SFS,"H,V,S,B,R,G",-1.8816909556915462,1.0,1.0,1.0,1.0,1.0,1.0,1.0,6,0,0,6
9,kmeans,PCA + Bayes,"PC1,PC2,PC3",-1.2099352731794353,1.0,1.0,1.0,1.0,1.0,1.0,1.0,6,0,0,6
9,reference,Bayes + análisis,"a*,S,R",-35.94262885248812,1.0,1.0,1.0,1.0,1.0,1.0,1.0,6,0,0,6
9,reference,Bayes + SFS,G,-3.820579016129353,1.0,0.9166666666666666,1.0,0.8333333333333334,0.9166666666666667,0.8571428571428571,0.923076923076923,5,1,0,6
9,reference,PCA + Bayes,"PC1,PC2,PC3",-6.47160307719734,1.0,1.0,1.0,1.0,1.0,1.0,1.0,6,0,0,6
9,kmeans_linear_hue,Bayes + análisis,"a*,G,R",-0.29952774874555566,1.0,1.0,1.0,1.0,1.0,1.0,1.0,6,0,0,6
9,kmeans_linear_hue,Bayes + SFS,"a*,S,V,B",-1.2119977827955584,1.0,1.0,1.0,1.0,1.0,1.0,1.0,6,0,0,6
9,kmeans_linear_hue,PCA + Bayes,"PC1,PC2,PC3,PC4",0.5022569697958978,0.9722222222222223,0.9166666666666666,1.0,0.8333333333333334,0.9166666666666667,0.8571428571428571,0.923076923076923,5,1,0,6
10,kmeans,Bayes + análisis,"H,G,R",-1.2722280470549325,1.0,1.0,1.0,1.0,1.0,1.0,1.0,6,0,0,6
10,kmeans,Bayes + SFS,H,-1.880570949729767,1.0,1.0,1.0,1.0,1.0,1.0,1.0,6,0,0,6
10,kmeans,PCA + Bayes,"PC1,PC2,PC3",0.2878870421898232,1.0,1.0,1.0,1.0,1.0,1.0,1.0,6,0,0,6
10,reference,Bayes + análisis,"a*,S,R",-4.751914745067954,1.0,1.0,1.0,1.0,1.0,1.0,1.0,6,0,0,6
10,reference,Bayes + SFS,H,-9.234383987879227,1.0,1.0,1.0,1.0,1.0,1.0,1.0,6,0,0,6
10,reference,PCA + Bayes,"PC1,PC2,PC3",-2.015323846183406,1.0,1.0,1.0,1.0,1.0,1.0,1.0,6,0,0,6
10,kmeans_linear_hue,Bayes + análisis,"a*,R,H",-3.870769775319311,1.0,1.0,1.0,1.0,1.0,1.0,1.0,6,0,0,6
10,kmeans_linear_hue,Bayes + SFS,a*,-1.354364702573084,1.0,1.0,1.0,1.0,1.0,1.0,1.0,6,0,0,6
10,kmeans_linear_hue,PCA + Bayes,"PC1,PC2,PC3,PC4",-2.2810590903026213,1.0,0.75,1.0,0.5,0.75,0.6666666666666666,0.8,3,3,0,6
11,kmeans,Bayes + análisis,"H,G,R",6.928793200877864,1.0,1.0,1.0,1.0,1.0,1.0,1.0,6,0,0,6
11,kmeans,Bayes + SFS,"H,S",3.4319523383998742,1.0,1.0,1.0,1.0,1.0,1.0,1.0,6,0,0,6
11,kmeans,PCA + Bayes,"PC1,PC2,PC3",3.7649326256095437,1.0,1.0,1.0,1.0,1.0,1.0,1.0,6,0,0,6
11,reference,Bayes + análisis,"a*,R,S",23.563131917991885,1.0,1.0,1.0,1.0,1.0,1.0,1.0,6,0,0,6
11,reference,Bayes + SFS,G,5.094046257908412,1.0,0.8333333333333334,0.6666666666666666,1.0,0.8333333333333333,1.0,0.8,6,0,2,4
11,reference,PCA + Bayes,"PC1,PC2,PC3",-3.7975653761934574,1.0,1.0,1.0,1.0,1.0,1.0,1.0,6,0,0,6
11,kmeans_linear_hue,Bayes + análisis,"a*,R,H",18.13081134848977,1.0,1.0,1.0,1.0,1.0,1.0,1.0,6,0,0,6
11,kmeans_linear_hue,Bayes + SFS,"a*,S,B,R",16.176517093145964,1.0,1.0,1.0,1.0,1.0,1.0,1.0,6,0,0,6
11,kmeans_linear_hue,PCA + Bayes,"PC1,PC2,PC3,PC4",3.7237917715834907,1.0,0.9166666666666666,0.8333333333333334,1.0,0.9166666666666667,1.0,0.9090909090909091,6,0,1,5
12,kmeans,Bayes + análisis,"H,G,R",-1.698132284284707,1.0,1.0,1.0,1.0,1.0,1.0,1.0,6,0,0,6
12,kmeans,Bayes + SFS,"H,S",-0.519366174731152,1.0,1.0,1.0,1.0,1.0,1.0,1.0,6,0,0,6
12,kmeans,PCA + Bayes,"PC1,PC2,PC3",0.6723263397236856,1.0,1.0,1.0,1.0,1.0,1.0,1.0,6,0,0,6
12,reference,Bayes + análisis,"a*,S,R",1.707604063216924,1.0,1.0,1.0,1.0,1.0,1.0,1.0,6,0,0,6
12,reference,Bayes + SFS,H,-5.30861732635359,1.0,1.0,1.0,1.0,1.0,1.0,1.0,6,0,0,6
12,reference,PCA + Bayes,"PC1,PC2,PC3",-2.1795939415667154,1.0,1.0,1.0,1.0,1.0,1.0,1.0,6,0,0,6
12,kmeans_linear_hue,Bayes + análisis,"a*,G,R",3.4431654218271186,1.0,1.0,1.0,1.0,1.0,1.0,1.0,6,0,0,6
12,kmeans_linear_hue,Bayes + SFS,"a*,S,B,R",4.357243831107269,1.0,1.0,1.0,1.0,1.0,1.0,1.0,6,0,0,6
12,kmeans_linear_hue,PCA + Bayes,"PC1,PC2,PC3,PC4",-0.3119975905764729,0.9444444444444444,0.9166666666666666,1.0,0.8333333333333334,0.9166666666666667,0.8571428571428571,0.923076923076923,5,1,0,6
13,kmeans,Bayes + análisis,"H,G,R",-1.0334685145819487,1.0,1.0,1.0,1.0,1.0,1.0,1.0,6,0,0,6
13,kmeans,Bayes + SFS,"H,S,V,R,B",-3.9102599314773574,1.0,1.0,1.0,1.0,1.0,1.0,1.0,6,0,0,6
13,kmeans,PCA + Bayes,"PC1,PC2,PC3",-0.9132966217868379,1.0,1.0,1.0,1.0,1.0,1.0,1.0,6,0,0,6
13,reference,Bayes + análisis,"a*,S,R",-41.56052140796466,1.0,1.0,1.0,1.0,1.0,1.0,1.0,6,0,0,6
13,reference,Bayes + SFS,G,-5.212498545291359,1.0,0.8333333333333334,1.0,0.6666666666666666,0.8333333333333333,0.75,0.8571428571428571,4,2,0,6
13,reference,PCA + Bayes,"PC1,PC2,PC3",-8.602829512590311,1.0,1.0,1.0,1.0,1.0,1.0,1.0,6,0,0,6
13,kmeans_linear_hue,Bayes + análisis,"a*,H,R",-2.4950056757440766,1.0,1.0,1.0,1.0,1.0,1.0,1.0,6,0,0,6
13,kmeans_linear_hue,Bayes + SFS,"a*,S,B,V,R,H",-4.753801225089543,1.0,0.9166666666666666,1.0,0.8333333333333334,0.9166666666666667,0.8571428571428571,0.923076923076923,5,1,0,6
13,kmeans_linear_hue,PCA + Bayes,"PC1,PC2,PC3,PC4",-0.1428902216172565,1.0,1.0,1.0,1.0,1.0,1.0,1.0,6,0,0,6
14,kmeans,Bayes + análisis,"a*,G,R",3.109675933684863,1.0,1.0,1.0,1.0,1.0,1.0,1.0,6,0,0,6
14,kmeans,Bayes + SFS,H,-1.8583277011783124,1.0,1.0,1.0,1.0,1.0,1.0,1.0,6,0,0,6
14,kmeans,PCA + Bayes,"PC1,PC2,PC3",0.48033331883079056,1.0,1.0,1.0,1.0,1.0,1.0,1.0,6,0,0,6
14,reference,Bayes + análisis,"a*,R,S",25.902200490708225,1.0,1.0,1.0,1.0,1.0,1.0,1.0,6,0,0,6
14,reference,Bayes + SFS,H,-5.453785162760912,1.0,1.0,1.0,1.0,1.0,1.0,1.0,6,0,0,6
14,reference,PCA + Bayes,"PC1,PC2,PC3",-0.784926464626647,1.0,1.0,1.0,1.0,1.0,1.0,1.0,6,0,0,6
14,kmeans_linear_hue,Bayes + análisis,"a*,G,R",3.109675933684863,1.0,1.0,1.0,1.0,1.0,1.0,1.0,6,0,0,6
14,kmeans_linear_hue,Bayes + SFS,a*,4.591521818429785,1.0,1.0,1.0,1.0,1.0,1.0,1.0,6,0,0,6
14,kmeans_linear_hue,PCA + Bayes,"PC1,PC2,PC3,PC4",2.844232315762123,1.0,0.75,0.5,1.0,0.75,1.0,0.6666666666666666,6,0,3,3
15,kmeans,Bayes + análisis,"H,G,R",3.548526049050958,1.0,1.0,1.0,1.0,1.0,1.0,1.0,6,0,0,6
15,kmeans,Bayes + SFS,"H,R,B,S",1.5745762014908884,1.0,0.9166666666666666,1.0,0.8333333333333334,0.9166666666666667,0.8571428571428571,0.923076923076923,5,1,0,6
15,kmeans,PCA + Bayes,"PC1,PC2,PC3",0.6704031175411216,1.0,1.0,1.0,1.0,1.0,1.0,1.0,6,0,0,6
15,reference,Bayes + análisis,"H,S,R",-6.760725280891305,1.0,1.0,1.0,1.0,1.0,1.0,1.0,6,0,0,6
15,reference,Bayes + SFS,G,-2.384512941666189,1.0,1.0,1.0,1.0,1.0,1.0,1.0,6,0,0,6
15,reference,PCA + Bayes,"PC1,PC2,PC3",-1.6635614013456061,1.0,1.0,1.0,1.0,1.0,1.0,1.0,6,0,0,6
15,kmeans_linear_hue,Bayes + análisis,"a*,R,H",10.043138654264737,1.0,1.0,1.0,1.0,1.0,1.0,1.0,6,0,0,6
15,kmeans_linear_hue,Bayes + SFS,"R,G,B,V",2.3745520707235643,1.0,0.9166666666666666,1.0,0.8333333333333334,0.9166666666666667,0.8571428571428571,0.923076923076923,5,1,0,6
15,kmeans_linear_hue,PCA + Bayes,"PC1,PC2,PC3",0.5363901868843053,1.0,1.0,1.0,1.0,1.0,1.0,1.0,6,0,0,6
16,kmeans,Bayes + análisis,"a*,R,S",-3.8104185720591808,1.0,1.0,1.0,1.0,1.0,1.0,1.0,6,0,0,6
16,kmeans,Bayes + SFS,"H,B,V,R",-0.27236744563747717,1.0,0.9166666666666666,0.8333333333333334,1.0,0.9166666666666667,1.0,0.9090909090909091,6,0,1,5
16,kmeans,PCA + Bayes,"PC1,PC2,PC3",-1.8753225505725237,1.0,1.0,1.0,1.0,1.0,1.0,1.0,6,0,0,6
16,reference,Bayes + análisis,"a*,R,S",-5.124249761523666,1.0,1.0,1.0,1.0,1.0,1.0,1.0,6,0,0,6
16,reference,Bayes + SFS,H,-10.091495612973826,1.0,1.0,1.0,1.0,1.0,1.0,1.0,6,0,0,6
16,reference,PCA + Bayes,"PC1,PC2,PC3",-1.763499276471698,1.0,1.0,1.0,1.0,1.0,1.0,1.0,6,0,0,6
16,kmeans_linear_hue,Bayes + análisis,"a*,R,H",1.9491754880027496,1.0,1.0,1.0,1.0,1.0,1.0,1.0,6,0,0,6
16,kmeans_linear_hue,Bayes + SFS,"a*,S,V,B",-2.8835892329809116,1.0,1.0,1.0,1.0,1.0,1.0,1.0,6,0,0,6
16,kmeans_linear_hue,PCA + Bayes,"PC1,PC2,PC3,PC4",-0.24425151102931686,1.0,1.0,1.0,1.0,1.0,1.0,1.0,6,0,0,6
17,kmeans,Bayes + análisis,"H,G,R",0.1481833531769503,1.0,1.0,1.0,1.0,1.0,1.0,1.0,6,0,0,6
17,kmeans,Bayes + SFS,"H,G,B,R,S",-1.5562719083942422,1.0,1.0,1.0,1.0,1.0,1.0,1.0,6,0,0,6
17,kmeans,PCA + Bayes,"PC1,PC2,PC3",-0.8628976231337124,1.0,1.0,1.0,1.0,1.0,1.0,1.0,6,0,0,6
17,reference,Bayes + análisis,"a*,R,S",3.2188108623006704,1.0,1.0,1.0,1.0,1.0,1.0,1.0,6,0,0,6
17,reference,Bayes + SFS,H,-3.2380034837866476,1.0,1.0,1.0,1.0,1.0,1.0,1.0,6,0,0,6
17,reference,PCA + Bayes,"PC1,PC2,PC3",-3.796713575527843,1.0,1.0,1.0,1.0,1.0,1.0,1.0,6,0,0,6
17,kmeans_linear_hue,Bayes + análisis,"a*,R,S",3.9903402745952796,1.0,1.0,1.0,1.0,1.0,1.0,1.0,6,0,0,6
17,kmeans_linear_hue,Bayes + SFS,"a*,S,B",1.819830321032307,1.0,1.0,1.0,1.0,1.0,1.0,1.0,6,0,0,6
17,kmeans_linear_hue,PCA + Bayes,"PC1,PC2,PC3,PC4",0.9003610914951903,1.0,1.0,1.0,1.0,1.0,1.0,1.0,6,0,0,6
18,kmeans,Bayes + análisis,"a*,S,R",2.5883927929741004,1.0,1.0,1.0,1.0,1.0,1.0,1.0,6,0,0,6
18,kmeans,Bayes + SFS,"H,S",0.21399613702347908,1.0,1.0,1.0,1.0,1.0,1.0,1.0,6,0,0,6
18,kmeans,PCA + Bayes,"PC1,PC2,PC3",-1.5498973450383016,0.9722222222222223,0.9166666666666666,0.8333333333333334,1.0,0.9166666666666667,1.0,0.9090909090909091,6,0,1,5
18,reference,Bayes + análisis,"a*,R,S",2.131422484328051,1.0,1.0,1.0,1.0,1.0,1.0,1.0,6,0,0,6
18,reference,Bayes + SFS,H,-3.3964745905807088,1.0,1.0,1.0,1.0,1.0,1.0,1.0,6,0,0,6
18,reference,PCA + Bayes,"PC1,PC2,PC3",-2.867467663481957,1.0,1.0,1.0,1.0,1.0,1.0,1.0,6,0,0,6
18,kmeans_linear_hue,Bayes + análisis,"a*,H,S",0.5015716964266366,1.0,1.0,1.0,1.0,1.0,1.0,1.0,6,0,0,6
18,kmeans_linear_hue,Bayes + SFS,"a*,S",1.3692890461771263,1.0,1.0,1.0,1.0,1.0,1.0,1.0,6,0,0,6
18,kmeans_linear_hue,PCA + Bayes,"PC1,PC2,PC3,PC4",-1.5668032254379503,0.9722222222222223,0.9166666666666666,0.8333333333333334,1.0,0.9166666666666667,1.0,0.9090909090909091,6,0,1,5
19,kmeans,Bayes + análisis,"H,G,R",-0.1866182512251715,1.0,1.0,1.0,1.0,1.0,1.0,1.0,6,0,0,6
19,kmeans,Bayes + SFS,"H,S,R",0.39708487244280466,1.0,1.0,1.0,1.0,1.0,1.0,1.0,6,0,0,6
19,kmeans,PCA + Bayes,"PC1,PC2,PC3",0.42815512243610154,1.0,0.9166666666666666,0.8333333333333334,1.0,0.9166666666666667,1.0,0.9090909090909091,6,0,1,5
19,reference,Bayes + análisis,"a*,S,R",-3.0235524008239043,1.0,1.0,1.0,1.0,1.0,1.0,1.0,6,0,0,6
19,reference,Bayes + SFS,H,-8.09750450724471,1.0,1.0,1.0,1.0,1.0,1.0,1.0,6,0,0,6
19,reference,PCA + Bayes,"PC1,PC2,PC3",-5.9464853522200585,1.0,1.0,1.0,1.0,1.0,1.0,1.0,6,0,0,6
19,kmeans_linear_hue,Bayes + análisis,"a*,R,H",7.014574392207792,1.0,1.0,1.0,1.0,1.0,1.0,1.0,6,0,0,6
19,kmeans_linear_hue,Bayes + SFS,"a*,S,B",5.592636400268003,1.0,1.0,1.0,1.0,1.0,1.0,1.0,6,0,0,6
19,kmeans_linear_hue,PCA + Bayes,"PC1,PC2,PC3,PC4",1.1494862762291311,1.0,0.8333333333333334,0.6666666666666666,1.0,0.8333333333333333,1.0,0.8,6,0,2,4
20,kmeans,Bayes + análisis,"a*,G,R",-1.283127132406495,0.888888888888889,0.9166666666666666,0.8333333333333334,1.0,0.9166666666666667,1.0,0.9090909090909091,6,0,1,5
20,kmeans,Bayes + SFS,H,-8.663089252379903,0.9444444444444445,0.9166666666666666,0.8333333333333334,1.0,0.9166666666666667,1.0,0.9090909090909091,6,0,1,5
20,kmeans,PCA + Bayes,"PC1,PC2,PC3",-0.6523043076463573,0.8611111111111112,0.9166666666666666,0.8333333333333334,1.0,0.9166666666666667,1.0,0.9090909090909091,6,0,1,5
20,reference,Bayes + análisis,"a*,S,R",-4.776405711336569,1.0,1.0,1.0,1.0,1.0,1.0,1.0,6,0,0,6
20,reference,Bayes + SFS,H,-17.423871900175648,1.0,1.0,1.0,1.0,1.0,1.0,1.0,6,0,0,6
20,reference,PCA + Bayes,"PC1,PC2,PC3",-3.267566451283993,1.0,1.0,1.0,1.0,1.0,1.0,1.0,6,0,0,6
20,kmeans_linear_hue,Bayes + análisis,"a*,G,R",-1.283127132406495,0.888888888888889,0.9166666666666666,0.8333333333333334,1.0,0.9166666666666667,1.0,0.9090909090909091,6,0,1,5
20,kmeans_linear_hue,Bayes + SFS,a*,0.49993246746900155,0.888888888888889,0.9166666666666666,0.8333333333333334,1.0,0.9166666666666667,1.0,0.9090909090909091,6,0,1,5
20,kmeans_linear_hue,PCA + Bayes,"PC1,PC2,PC3",1.1648235058493555,0.8611111111111112,0.9166666666666666,0.8333333333333334,1.0,0.9166666666666667,1.0,0.9090909090909091,6,0,1,5
21,kmeans,Bayes + análisis,"a*,R,S",-7.482508769676575,1.0,0.9166666666666666,1.0,0.8333333333333334,0.9166666666666667,0.8571428571428571,0.923076923076923,5,1,0,6
21,kmeans,Bayes + SFS,H,-5.531008175781114,1.0,1.0,1.0,1.0,1.0,1.0,1.0,6,0,0,6
21,kmeans,PCA + Bayes,"PC1,PC2,PC3",-1.9631696947527706,1.0,1.0,1.0,1.0,1.0,1.0,1.0,6,0,0,6
21,reference,Bayes + análisis,"a*,R,S",-20.872070188864946,1.0,1.0,1.0,1.0,1.0,1.0,1.0,6,0,0,6
21,reference,Bayes + SFS,G,2.697739039438974,1.0,0.9166666666666666,0.8333333333333334,1.0,0.9166666666666667,1.0,0.9090909090909091,6,0,1,5
21,reference,PCA + Bayes,"PC1,PC2,PC3",-12.004473338533337,1.0,1.0,1.0,1.0,1.0,1.0,1.0,6,0,0,6
21,kmeans_linear_hue,Bayes + análisis,"a*,R,H",-8.046386266782765,1.0,0.9166666666666666,1.0,0.8333333333333334,0.9166666666666667,0.8571428571428571,0.923076923076923,5,1,0,6
21,kmeans_linear_hue,Bayes + SFS,a*,-2.3283164265557694,1.0,1.0,1.0,1.0,1.0,1.0,1.0,6,0,0,6
21,kmeans_linear_hue,PCA + Bayes,"PC1,PC2,PC3,PC4",1.5215039221465791,1.0,0.8333333333333334,0.6666666666666666,1.0,0.8333333333333333,1.0,0.8,6,0,2,4
22,kmeans,Bayes + análisis,"a*,R,S",-4.577281419234558,0.888888888888889,0.9166666666666666,0.8333333333333334,1.0,0.9166666666666667,1.0,0.9090909090909091,6,0,1,5
22,kmeans,Bayes + SFS,H,-5.1020983771971204,0.9444444444444445,0.9166666666666666,0.8333333333333334,1.0,0.9166666666666667,1.0,0.9090909090909091,6,0,1,5
22,kmeans,PCA + Bayes,"PC1,PC2,PC3",-1.3232571768114143,0.9444444444444445,0.9166666666666666,0.8333333333333334,1.0,0.9166666666666667,1.0,0.9090909090909091,6,0,1,5
22,reference,Bayes + análisis,"a*,R,S",-3.0692842361832327,1.0,1.0,1.0,1.0,1.0,1.0,1.0,6,0,0,6
22,reference,Bayes + SFS,H,-8.246702555205427,1.0,1.0,1.0,1.0,1.0,1.0,1.0,6,0,0,6
22,reference,PCA + Bayes,"PC1,PC2,PC3",-0.9770443356464442,1.0,1.0,1.0,1.0,1.0,1.0,1.0,6,0,0,6
22,kmeans_linear_hue,Bayes + análisis,"a*,R,H",-5.253558328761607,0.888888888888889,0.9166666666666666,0.8333333333333334,1.0,0.9166666666666667,1.0,0.9090909090909091,6,0,1,5
22,kmeans_linear_hue,Bayes + SFS,a*,-0.9812556830917449,0.8611111111111112,0.9166666666666666,0.8333333333333334,1.0,0.9166666666666667,1.0,0.9090909090909091,6,0,1,5
22,kmeans_linear_hue,PCA + Bayes,"PC1,PC2,PC3,PC4",-0.07608794731042545,0.8333333333333334,0.8333333333333334,0.6666666666666666,1.0,0.8333333333333333,1.0,0.8,6,0,2,4
23,kmeans,Bayes + análisis,"H,G,R",-7.446629068073262,1.0,0.9166666666666666,0.8333333333333334,1.0,0.9166666666666667,1.0,0.9090909090909091,6,0,1,5
23,kmeans,Bayes + SFS,H,-6.242765228029814,1.0,0.9166666666666666,0.8333333333333334,1.0,0.9166666666666667,1.0,0.9090909090909091,6,0,1,5
23,kmeans,PCA + Bayes,"PC1,PC2,PC3",-0.10989465582719848,0.888888888888889,0.9166666666666666,0.8333333333333334,1.0,0.9166666666666667,1.0,0.9090909090909091,6,0,1,5
23,reference,Bayes + análisis,"a*,R,S",30.744695458355572,1.0,1.0,1.0,1.0,1.0,1.0,1.0,6,0,0,6
23,reference,Bayes + SFS,H,0.09249073986127421,1.0,1.0,1.0,1.0,1.0,1.0,1.0,6,0,0,6
23,reference,PCA + Bayes,"PC1,PC2,PC3",-1.286220834570023,1.0,1.0,1.0,1.0,1.0,1.0,1.0,6,0,0,6
23,kmeans_linear_hue,Bayes + análisis,"a*,R,H",4.111648620991214,0.9166666666666667,0.9166666666666666,0.8333333333333334,1.0,0.9166666666666667,1.0,0.9090909090909091,6,0,1,5
23,kmeans_linear_hue,Bayes + SFS,a*,1.5370695422031635,0.888888888888889,0.9166666666666666,0.8333333333333334,1.0,0.9166666666666667,1.0,0.9090909090909091,6,0,1,5
23,kmeans_linear_hue,PCA + Bayes,"PC1,PC2,PC3,PC4",0.0980295314578763,0.8611111111111112,0.8333333333333334,0.6666666666666666,1.0,0.8333333333333333,1.0,0.8,6,0,2,4
24,kmeans,Bayes + análisis,"a*,R,G",-2.1069580192900688,1.0,1.0,1.0,1.0,1.0,1.0,1.0,6,0,0,6
24,kmeans,Bayes + SFS,"H,V",-3.3959194325385313,1.0,1.0,1.0,1.0,1.0,1.0,1.0,6,0,0,6
24,kmeans,PCA + Bayes,"PC1,PC2,PC3",-1.1513540293596902,1.0,1.0,1.0,1.0,1.0,1.0,1.0,6,0,0,6
24,reference,Bayes + análisis,"a*,R,S",-1.8889308157560407,1.0,1.0,1.0,1.0,1.0,1.0,1.0,6,0,0,6
24,reference,Bayes + SFS,G,-2.103516250197772,1.0,0.9166666666666666,1.0,0.8333333333333334,0.9166666666666667,0.8571428571428571,0.923076923076923,5,1,0,6
24,reference,PCA + Bayes,"PC1,PC2,PC3",-2.6818960470726663,1.0,1.0,1.0,1.0,1.0,1.0,1.0,6,0,0,6
24,kmeans_linear_hue,Bayes + análisis,"a*,R,G",-2.1069580192900688,1.0,1.0,1.0,1.0,1.0,1.0,1.0,6,0,0,6
24,kmeans_linear_hue,Bayes + SFS,"a*,S,R,B,H",-3.7143299796929607,1.0,1.0,1.0,1.0,1.0,1.0,1.0,6,0,0,6
24,kmeans_linear_hue,PCA + Bayes,"PC1,PC2,PC3,PC4",1.7879905918154702,0.9722222222222223,0.9166666666666666,0.8333333333333334,1.0,0.9166666666666667,1.0,0.9090909090909091,6,0,1,5
25,kmeans,Bayes + análisis,"a*,G,R",4.516937331075547,0.8611111111111112,0.9166666666666666,0.8333333333333334,1.0,0.9166666666666667,1.0,0.9090909090909091,6,0,1,5
25,kmeans,Bayes + SFS,H,-5.683424001349028,0.9166666666666667,0.9166666666666666,0.8333333333333334,1.0,0.9166666666666667,1.0,0.9090909090909091,6,0,1,5
25,kmeans,PCA + Bayes,"PC1,PC2,PC3",0.8782874086747774,0.8611111111111112,0.8333333333333334,0.6666666666666666,1.0,0.8333333333333333,1.0,0.8,6,0,2,4
25,reference,Bayes + análisis,"a*,R,S",6.2123990365704955,1.0,1.0,1.0,1.0,1.0,1.0,1.0,6,0,0,6
25,reference,Bayes + SFS,H,-7.089965915846907,1.0,1.0,1.0,1.0,1.0,1.0,1.0,6,0,0,6
25,reference,PCA + Bayes,"PC1,PC2,PC3",-1.1068265991199215,1.0,1.0,1.0,1.0,1.0,1.0,1.0,6,0,0,6
25,kmeans_linear_hue,Bayes + análisis,"a*,G,R",4.516937331075547,0.8611111111111112,0.9166666666666666,0.8333333333333334,1.0,0.9166666666666667,1.0,0.9090909090909091,6,0,1,5
25,kmeans_linear_hue,Bayes + SFS,a*,4.980162297230952,0.8611111111111112,0.9166666666666666,0.8333333333333334,1.0,0.9166666666666667,1.0,0.9090909090909091,6,0,1,5
25,kmeans_linear_hue,PCA + Bayes,"PC1,PC2,PC3,PC4",-0.22128126421314587,0.8611111111111112,0.8333333333333334,0.6666666666666666,1.0,0.8333333333333333,1.0,0.8,6,0,2,4
26,kmeans,Bayes + análisis,"a*,G,R",-0.49051893210751984,1.0,1.0,1.0,1.0,1.0,1.0,1.0,6,0,0,6
26,kmeans,Bayes + SFS,H,-1.033661605960158,1.0,1.0,1.0,1.0,1.0,1.0,1.0,6,0,0,6
26,kmeans,PCA + Bayes,"PC1,PC2,PC3",-0.7512597705219748,1.0,1.0,1.0,1.0,1.0,1.0,1.0,6,0,0,6
26,reference,Bayes + análisis,"a*,R,S",-12.560974121875612,1.0,1.0,1.0,1.0,1.0,1.0,1.0,6,0,0,6
26,reference,Bayes + SFS,G,3.1675952356302064,1.0,0.9166666666666666,0.8333333333333334,1.0,0.9166666666666667,1.0,0.9090909090909091,6,0,1,5
26,reference,PCA + Bayes,"PC1,PC2,PC3",-7.6774452703869525,1.0,1.0,1.0,1.0,1.0,1.0,1.0,6,0,0,6
26,kmeans_linear_hue,Bayes + análisis,"a*,G,R",-0.49051893210751984,1.0,1.0,1.0,1.0,1.0,1.0,1.0,6,0,0,6
26,kmeans_linear_hue,Bayes + SFS,a*,-0.6942136992389409,1.0,1.0,1.0,1.0,1.0,1.0,1.0,6,0,0,6
26,kmeans_linear_hue,PCA + Bayes,"PC1,PC2,PC3",1.6139741603607853,1.0,0.9166666666666666,0.8333333333333334,1.0,0.9166666666666667,1.0,0.9090909090909091,6,0,1,5
27,kmeans,Bayes + análisis,"H,G,R",-0.013724482864527765,0.9722222222222223,0.9166666666666666,0.8333333333333334,1.0,0.9166666666666667,1.0,0.9090909090909091,6,0,1,5
27,kmeans,Bayes + SFS,H,1.170774446124474,0.9722222222222223,0.9166666666666666,0.8333333333333334,1.0,0.9166666666666667,1.0,0.9090909090909091,6,0,1,5
27,kmeans,PCA + Bayes,"PC1,PC2,PC3",-0.1361466709992798,0.8611111111111112,0.9166666666666666,0.8333333333333334,1.0,0.9166666666666667,1.0,0.9090909090909091,6,0,1,5
27,reference,Bayes + análisis,"a*,R,S",7.557650003138365,1.0,1.0,1.0,1.0,1.0,1.0,1.0,6,0,0,6
27,reference,Bayes + SFS,H,2.136640316909105,1.0,1.0,1.0,1.0,1.0,1.0,1.0,6,0,0,6
27,reference,PCA + Bayes,"PC1,PC2,PC3",-4.564701536415864,1.0,1.0,1.0,1.0,1.0,1.0,1.0,6,0,0,6
27,kmeans_linear_hue,Bayes + análisis,"a*,R,H",0.5931298130321814,0.8611111111111112,0.9166666666666666,0.8333333333333334,1.0,0.9166666666666667,1.0,0.9090909090909091,6,0,1,5
27,kmeans_linear_hue,Bayes + SFS,a*,1.2430180355487281,0.888888888888889,0.9166666666666666,0.8333333333333334,1.0,0.9166666666666667,1.0,0.9090909090909091,6,0,1,5
27,kmeans_linear_hue,PCA + Bayes,"PC1,PC2,PC3,PC4",2.8496091273046904,0.7500000000000001,0.75,0.6666666666666666,0.8333333333333334,0.75,0.8,0.7272727272727272,5,1,2,4
28,kmeans,Bayes + análisis,"H,G,S",-1.3800508945986234,1.0,1.0,1.0,1.0,1.0,1.0,1.0,6,0,0,6
28,kmeans,Bayes + SFS,"H,B",-0.5005514898298795,1.0,1.0,1.0,1.0,1.0,1.0,1.0,6,0,0,6
28,kmeans,PCA + Bayes,"PC1,PC2,PC3",0.9852251566401868,1.0,0.8333333333333334,0.6666666666666666,1.0,0.8333333333333333,1.0,0.8,6,0,2,4
28,reference,Bayes + análisis,"a*,S,R",-0.8258792161230168,1.0,1.0,1.0,1.0,1.0,1.0,1.0,6,0,0,6
28,reference,Bayes + SFS,H,-5.983507514170073,1.0,1.0,1.0,1.0,1.0,1.0,1.0,6,0,0,6
28,reference,PCA + Bayes,"PC1,PC2,PC3",-2.9931051302696474,1.0,1.0,1.0,1.0,1.0,1.0,1.0,6,0,0,6
28,kmeans_linear_hue,Bayes + análisis,"a*,S,H",-0.3707025741188499,1.0,1.0,1.0,1.0,1.0,1.0,1.0,6,0,0,6
28,kmeans_linear_hue,Bayes + SFS,"a*,S,H,B",-0.6194951416508196,1.0,1.0,1.0,1.0,1.0,1.0,1.0,6,0,0,6
28,kmeans_linear_hue,PCA + Bayes,"PC1,PC2,PC3,PC4",-1.8590214681550914,1.0,0.9166666666666666,1.0,0.8333333333333334,0.9166666666666667,0.8571428571428571,0.923076923076923,5,1,0,6
29,kmeans,Bayes + análisis,"H,G,R",1.2291091510501957,1.0,1.0,1.0,1.0,1.0,1.0,1.0,6,0,0,6
29,kmeans,Bayes + SFS,"H,S",0.6793152970841132,1.0,1.0,1.0,1.0,1.0,1.0,1.0,6,0,0,6
29,kmeans,PCA + Bayes,"PC1,PC2,PC3",-0.8158155024456457,1.0,1.0,1.0,1.0,1.0,1.0,1.0,6,0,0,6
29,reference,Bayes + análisis,"a*,R,S",-36.291898922470914,1.0,1.0,1.0,1.0,1.0,1.0,1.0,6,0,0,6
29,reference,Bayes + SFS,H,-24.343870323346525,1.0,1.0,1.0,1.0,1.0,1.0,1.0,6,0,0,6
29,reference,PCA + Bayes,"PC1,PC2,PC3",-3.831846229163032,1.0,1.0,1.0,1.0,1.0,1.0,1.0,6,0,0,6
29,kmeans_linear_hue,Bayes + análisis,"a*,R,H",2.3046393816080313,1.0,1.0,1.0,1.0,1.0,1.0,1.0,6,0,0,6
29,kmeans_linear_hue,Bayes + SFS,"a*,S,V",-2.7609447751078364,1.0,1.0,1.0,1.0,1.0,1.0,1.0,6,0,0,6
29,kmeans_linear_hue,PCA + Bayes,"PC1,PC2,PC3,PC4",-1.2453835752560556,1.0,1.0,1.0,1.0,1.0,1.0,1.0,6,0,0,6
