index,name,class,split,combination,n_iter,jaccard_oracle_cluster,jaccard_heuristic,jaccard_min_border,jaccard_max_saturation,jaccard,jaccard_post
0,riped_tomato_10.jpeg,unripe,train,R,8,0.37516469038208167,0.37516469038208167,0.37516469038208167,0.11802569953164405,0.37516469038208167,0.4512676701196131
0,riped_tomato_10.jpeg,unripe,train,G,8,0.3797457139059939,0.3797457139059939,0.3797457139059939,0.10703477700054571,0.3797457139059939,0.46714002642007924
0,riped_tomato_10.jpeg,unripe,train,B,7,0.20819712124908515,0.19879435539114948,0.19879435539114948,0.20819712124908515,0.19879435539114948,0.228208027133974
0,riped_tomato_10.jpeg,unripe,train,RG,7,0.37455894327331946,0.37455894327331946,0.37455894327331946,0.11296927490743239,0.37455894327331946,0.4619942441171491
0,riped_tomato_10.jpeg,unripe,train,RB,8,0.2976893159460078,0.2976893159460078,0.2976893159460078,0.1555127705205693,0.2976893159460078,0.3525343072155821
0,riped_tomato_10.jpeg,unripe,train,GB,6,0.30360774604297464,0.30360774604297464,0.30360774604297464,0.14949464848891206,0.30360774604297464,0.3673849865657729
0,riped_tomato_10.jpeg,unripe,train,RGB,5,0.3319261687699286,0.3319261687699286,0.3319261687699286,0.13530280649926144,0.3319261687699286,0.4001321658681645
1,unriped_tomato_1.jpeg,unripe,test,R,7,0.18462501303848963,0.18462501303848963,0.18462501303848963,0.0752497371188223,0.18462501303848963,0.21067015209125475
1,unriped_tomato_1.jpeg,unripe,test,G,8,0.20303629795286426,0.20303629795286426,0.20303629795286426,0.042080898535326705,0.20303629795286426,0.22431726430776538
1,unriped_tomato_1.jpeg,unripe,test,B,7,0.16239189339668164,0.16239189339668164,0.0641958967571145,0.16239189339668164,0.16239189339668164,0.19148121193549622
1,unriped_tomato_1.jpeg,unripe,test,RG,7,0.20137171651192087,0.20137171651192087,0.20137171651192087,0.05373939587548362,0.20137171651192087,0.22253945182724252
1,unriped_tomato_1.jpeg,unripe,test,RB,8,0.12934173669467788,0.10149196997054072,0.10149196997054072,0.12934173669467788,0.10149196997054072,0.11317795922781593
1,unriped_tomato_1.jpeg,unripe,test,GB,8,0.11853321575543797,0.11853321575543797,0.11630192050022331,0.11853321575543797,0.11853321575543797,0.17000944287063266
1,unriped_tomato_1.jpeg,unripe,test,RGB,3,0.1335934596804162,0.1335934596804162,0.1335934596804162,0.10520692357005484,0.1335934596804162,0.14790344397045052
2,unriped_tomato_11.jpeg,unripe,train,R,2,0.9547431452883707,0.9547431452883707,0.9547431452883707,0.9547431452883707,0.9547431452883707,0.958009724063901
2,unriped_tomato_11.jpeg,unripe,train,G,7,0.25462040224678384,0.2506932190572221,0.2506932190572221,0.2506932190572221,0.2506932190572221,0.24153612935826174
2,unriped_tomato_11.jpeg,unripe,train,B,2,0.9368528697430654,0.9368528697430654,0.9368528697430654,0.9368528697430654,0.9368528697430654,0.9689778687476014
2,unriped_tomato_11.jpeg,unripe,train,RG,3,0.9422824661128115,0.9422824661128115,0.9422824661128115,0.9422824661128115,0.9422824661128115,0.9494209702660407
2,unriped_tomato_11.jpeg,unripe,train,RB,3,0.9407232904622437,0.9407232904622437,0.9407232904622437,0.9407232904622437,0.9407232904622437,0.9664031620553359
2,unriped_tomato_11.jpeg,unripe,train,GB,3,0.9312101910828026,0.9312101910828026,0.9312101910828026,0.9312101910828026,0.9312101910828026,0.9657678332377128
2,unriped_tomato_11.jpeg,unripe,train,RGB,2,0.937182418699187,0.937182418699187,0.937182418699187,0.937182418699187,0.937182418699187,0.9638201818528646
3,unriped_tomato_12.jpeg,unripe,test,R,11,0.3067657787872531,0.3067657787872531,0.3067657787872531,0.017960560076240743,0.3067657787872531,0.3410349154794419
3,unriped_tomato_12.jpeg,unripe,test,G,2,0.2368313805399898,0.2368313805399898,0.2368313805399898,0.013434921779901717,0.2368313805399898,0.231884765625
3,unriped_tomato_12.jpeg,unripe,test,B,6,0.20912018738105695,0.20912018738105695,0.20912018738105695,0.07424775302852676,0.20912018738105695,0.2101818181818182
3,unriped_tomato_12.jpeg,unripe,test,RG,11,0.26188305026786735,0.26188305026786735,0.26188305026786735,0.014506490830414177,0.26188305026786735,0.25872496254785554
3,unriped_tomato_12.jpeg,unripe,test,RB,8,0.26646793660026175,0.26646793660026175,0.26646793660026175,0.04569269700965891,0.26646793660026175,0.29496938606652323
3,unriped_tomato_12.jpeg,unripe,test,GB,2,0.24548964993353167,0.24548964993353167,0.24548964993353167,0.04109325747674329,0.24548964993353167,0.26292598967297764
3,unriped_tomato_12.jpeg,unripe,test,RGB,10,0.269314681724846,0.269314681724846,0.269314681724846,0.028596484538834024,0.269314681724846,0.29463171036204744
4,unriped_tomato_14.jpeg,unripe,train,R,7,0.7169783964042338,0.7169783964042338,0.7169783964042338,0.0319925258187511,0.7169783964042338,0.7689898198903681
4,unriped_tomato_14.jpeg,unripe,train,G,5,0.5249383461673964,0.5249383461673964,0.5249383461673964,0.021683369124314004,0.5249383461673964,0.5838537020517395
4,unriped_tomato_14.jpeg,unripe,train,B,7,0.46732076243037457,0.46732076243037457,0.46732076243037457,0.059477356036419536,0.46732076243037457,0.5566195094829184
4,unriped_tomato_14.jpeg,unripe,train,RG,13,0.655386606276286,0.655386606276286,0.655386606276286,0.02709398555690264,0.655386606276286,0.756174225415357
4,unriped_tomato_14.jpeg,unripe,train,RB,2,0.5523047661669277,0.5523047661669277,0.5523047661669277,0.03614763097885758,0.5523047661669277,0.7248079196217494
4,unriped_tomato_14.jpeg,unripe,train,GB,10,0.5058197872767409,0.5058197872767409,0.5058197872767409,0.03212311370088152,0.5058197872767409,0.5710230498467128
4,unriped_tomato_14.jpeg,unripe,train,RGB,12,0.5519125683060109,0.5519125683060109,0.5519125683060109,0.03011653417671026,0.5519125683060109,0.6760534982189663
5,unriped_tomato_15.jpeg,unripe,train,R,5,0.5163124073158675,0.5163124073158675,0.5163124073158675,0.25100524963699317,0.5163124073158675,0.5236161251504212
5,unriped_tomato_15.jpeg,unripe,train,G,4,0.5817784835252084,0.5817784835252084,0.5817784835252084,0.5817784835252084,0.5817784835252084,0.5896458312431022
5,unriped_tomato_15.jpeg,unripe,train,B,13,0.35438130054281597,0.33299889635798136,0.33299889635798136,0.35438130054281597,0.33299889635798136,0.32636326363263635
5,unriped_tomato_15.jpeg,unripe,train,RG,7,0.554372058459252,0.554372058459252,0.554372058459252,0.22991326658671946,0.554372058459252,0.5639161820733908
5,unriped_tomato_15.jpeg,unripe,train,RB,10,0.4200786030545744,0.4200786030545744,0.4200786030545744,0.30577891544475666,0.4200786030545744,0.41310814217292663
5,unriped_tomato_15.jpeg,unripe,train,GB,6,0.4852012137491917,0.4852012137491917,0.4852012137491917,0.2693452795013773,0.4852012137491917,0.492964824120603
5,unriped_tomato_15.jpeg,unripe,train,RGB,5,0.49473631939616647,0.49473631939616647,0.49473631939616647,0.26378676470588236,0.49473631939616647,0.5027369055390951
6,unriped_tomato_17.jpeg,unripe,train,R,4,0.7788765465546825,0.7788765465546825,0.7788765465546825,0.7788765465546825,0.7788765465546825,0.875615596620431
6,unriped_tomato_17.jpeg,unripe,train,G,7,0.6535656401944895,0.6535656401944895,0.6535656401944895,0.6535656401944895,0.6535656401944895,0.7283544417902376
6,unriped_tomato_17.jpeg,unripe,train,B,4,0.8454736074391467,0.8454736074391467,0.8454736074391467,0.8454736074391467,0.8454736074391467,0.8918734350102435
6,unriped_tomato_17.jpeg,unripe,train,RG,6,0.751847179672013,0.751847179672013,0.751847179672013,0.751847179672013,0.751847179672013,0.8661495445115901
6,unriped_tomato_17.jpeg,unripe,train,RB,5,0.8365585536476787,0.8365585536476787,0.8365585536476787,0.8365585536476787,0.8365585536476787,0.8892672296377009
6,unriped_tomato_17.jpeg,unripe,train,GB,2,0.8380157037171515,0.8380157037171515,0.8380157037171515,0.8380157037171515,0.8380157037171515,0.8885915173508732
6,unriped_tomato_17.jpeg,unripe,train,RGB,5,0.8298441181801703,0.8298441181801703,0.8298441181801703,0.8298441181801703,0.8298441181801703,0.8871121177802944
7,unriped_tomato_2.jpeg,unripe,validation,R,6,0.515828202979855,0.515828202979855,0.515828202979855,0.515828202979855,0.515828202979855,0.5427132061892768
7,unriped_tomato_2.jpeg,unripe,validation,G,6,0.6280512425210145,0.6280512425210145,0.6280512425210145,0.6280512425210145,0.6280512425210145,0.6745559874990472
7,unriped_tomato_2.jpeg,unripe,validation,B,8,0.3066460920117706,0.2833960140957683,0.3066460920117706,0.2833960140957683,0.2833960140957683,0.23390828775767775
7,unriped_tomato_2.jpeg,unripe,validation,RG,2,0.5954282365008425,0.5954282365008425,0.5954282365008425,0.5954282365008425,0.5954282365008425,0.6208364638116705
7,unriped_tomato_2.jpeg,unripe,validation,RB,5,0.36431240383910907,0.36431240383910907,0.36431240383910907,0.23793575443399248,0.36431240383910907,0.4535558204211363
7,unriped_tomato_2.jpeg,unripe,validation,GB,5,0.4356761037418333,0.4356761037418333,0.4356761037418333,0.1954920285871358,0.4356761037418333,0.5485352476925135
7,unriped_tomato_2.jpeg,unripe,validation,RGB,10,0.5300199394431726,0.5300199394431726,0.5300199394431726,0.10884727809452147,0.5300199394431726,0.5801561262586266
8,unriped_tomato_25.jpeg,unripe,train,R,3,0.8615565690745918,0.8615565690745918,0.8615565690745918,0.8615565690745918,0.8615565690745918,0.8866180291824906
8,unriped_tomato_25.jpeg,unripe,train,G,3,0.7967069572665841,0.7967069572665841,0.7967069572665841,0.7967069572665841,0.7967069572665841,0.8233212121212121
8,unriped_tomato_25.jpeg,unripe,train,B,3,0.9207456883660652,0.9207456883660652,0.9207456883660652,0.9207456883660652,0.9207456883660652,0.9323056640129811
8,unriped_tomato_25.jpeg,unripe,train,RG,5,0.836290478960636,0.836290478960636,0.836290478960636,0.836290478960636,0.836290478960636,0.865219111682659
8,unriped_tomato_25.jpeg,unripe,train,RB,3,0.905406746031746,0.905406746031746,0.905406746031746,0.905406746031746,0.905406746031746,0.9205836320492755
8,unriped_tomato_25.jpeg,unripe,train,GB,3,0.899278798656392,0.899278798656392,0.899278798656392,0.899278798656392,0.899278798656392,0.9148754090108231
8,unriped_tomato_25.jpeg,unripe,train,RGB,2,0.889453684054681,0.889453684054681,0.889453684054681,0.889453684054681,0.889453684054681,0.9082822394210474
9,unriped_tomato_27.jpeg,unripe,train,R,5,0.7091368066755487,0.7091368066755487,0.7091368066755487,0.7091368066755487,0.7091368066755487,0.8140156041329866
9,unriped_tomato_27.jpeg,unripe,train,G,7,0.6156815095418483,0.6156815095418483,0.6156815095418483,0.6156815095418483,0.6156815095418483,0.6794405195175908
9,unriped_tomato_27.jpeg,unripe,train,B,3,0.8099650723501318,0.8099650723501318,0.8099650723501318,0.8099650723501318,0.8099650723501318,0.8544677821288715
9,unriped_tomato_27.jpeg,unripe,train,RG,6,0.6916131762714256,0.6916131762714256,0.6916131762714256,0.6916131762714256,0.6916131762714256,0.7922810978621322
9,unriped_tomato_27.jpeg,unripe,train,RB,3,0.8007084661707403,0.8007084661707403,0.8007084661707403,0.8007084661707403,0.8007084661707403,0.8506447498937225
9,unriped_tomato_27.jpeg,unripe,train,GB,2,0.8040108092732186,0.8040108092732186,0.8040108092732186,0.8040108092732186,0.8040108092732186,0.8527864657378448
9,unriped_tomato_27.jpeg,unripe,train,RGB,4,0.7955703368242287,0.7955703368242287,0.7955703368242287,0.7955703368242287,0.7955703368242287,0.8498370874061482
10,unriped_tomato_3.jpeg,unripe,validation,R,9,0.23097069216379132,0.23097069216379132,0.23097069216379132,0.23097069216379132,0.23097069216379132,0.3413780322062518
10,unriped_tomato_3.jpeg,unripe,validation,G,9,0.24926903434563955,0.24926903434563955,0.24926903434563955,0.24926903434563955,0.24926903434563955,0.3464695552742271
10,unriped_tomato_3.jpeg,unripe,validation,B,2,0.17141126589945488,0.11912327345827119,0.11912327345827119,0.17141126589945488,0.11912327345827119,0.1265993265993266
10,unriped_tomato_3.jpeg,unripe,validation,RG,9,0.23495666529096162,0.23495666529096162,0.23495666529096162,0.23495666529096162,0.23495666529096162,0.3506832036998108
10,unriped_tomato_3.jpeg,unripe,validation,RB,8,0.22899238356848545,0.22899238356848545,0.22899238356848545,0.22899238356848545,0.22899238356848545,0.34004040737228386
10,unriped_tomato_3.jpeg,unripe,validation,GB,4,0.24078528749903003,0.24078528749903003,0.24078528749903003,0.09176311669173856,0.24078528749903003,0.3412141611581978
10,unriped_tomato_3.jpeg,unripe,validation,RGB,10,0.23419445361505448,0.23419445361505448,0.23419445361505448,0.23419445361505448,0.23419445361505448,0.3487261146496815
11,unriped_tomato_31.jpeg,unripe,train,R,5,0.7973089387537433,0.7973089387537433,0.7973089387537433,0.7973089387537433,0.7973089387537433,0.8811889351527394
11,unriped_tomato_31.jpeg,unripe,train,G,3,0.38417550878413637,0.2312959043943732,0.2312959043943732,0.2312959043943732,0.2312959043943732,0.1934726067623123
11,unriped_tomato_31.jpeg,unripe,train,B,2,0.9276486854595732,0.9276486854595732,0.9276486854595732,0.9276486854595732,0.9276486854595732,0.9512487595104201
11,unriped_tomato_31.jpeg,unripe,train,RG,8,0.7422156669944281,0.7422156669944281,0.7422156669944281,0.7422156669944281,0.7422156669944281,0.7336905007212033
11,unriped_tomato_31.jpeg,unripe,train,RB,3,0.9076948412861789,0.9076948412861789,0.9076948412861789,0.9076948412861789,0.9076948412861789,0.9495391990742654
11,unriped_tomato_31.jpeg,unripe,train,GB,2,0.9142504118616145,0.9142504118616145,0.9142504118616145,0.9142504118616145,0.9142504118616145,0.9476424645646514
11,unriped_tomato_31.jpeg,unripe,train,RGB,5,0.8981127420747502,0.8981127420747502,0.8981127420747502,0.8981127420747502,0.8981127420747502,0.9465664615765784
12,unriped_tomato_34.jpeg,unripe,validation,R,6,0.15386278856030708,0.15386278856030708,0.15386278856030708,0.11394331983805668,0.15386278856030708,0.16106545763672428
12,unriped_tomato_34.jpeg,unripe,validation,G,6,0.14926150350312442,0.14926150350312442,0.14926150350312442,0.11367176437269895,0.14926150350312442,0.15295560461123375
12,unriped_tomato_34.jpeg,unripe,validation,B,6,0.1561702380245741,0.07028957775226433,0.07028957775226433,0.1561702380245741,0.07028957775226433,0.06422018348623854
12,unriped_tomato_34.jpeg,unripe,validation,RG,5,0.14715886354541816,0.14715886354541816,0.14715886354541816,0.11647379169503064,0.14715886354541816,0.15206825232678386
12,unriped_tomato_34.jpeg,unripe,validation,RB,6,0.13366857677464625,0.13366857677464625,0.13366857677464625,0.12637124264022312,0.13366857677464625,0.13494019354450923
12,unriped_tomato_34.jpeg,unripe,validation,GB,6,0.1298746298746299,0.1271417224554635,0.1271417224554635,0.1298746298746299,0.1271417224554635,0.12762369905227047
12,unriped_tomato_34.jpeg,unripe,validation,RGB,6,0.14534915815622412,0.14534915815622412,0.14534915815622412,0.1193652621812714,0.14534915815622412,0.14910995944118974
13,unriped_tomato_35.jpeg,unripe,train,R,6,0.8553436851954883,0.8553436851954883,0.8553436851954883,0.8553436851954883,0.8553436851954883,0.8635533921508974
13,unriped_tomato_35.jpeg,unripe,train,G,7,0.7585475356455671,0.7585475356455671,0.7585475356455671,0.7585475356455671,0.7585475356455671,0.7636507387458615
13,unriped_tomato_35.jpeg,unripe,train,B,3,0.9148946967774676,0.9148946967774676,0.9148946967774676,0.9148946967774676,0.9148946967774676,0.9246174960605906
13,unriped_tomato_35.jpeg,unripe,train,RG,8,0.8432746196957566,0.8432746196957566,0.8432746196957566,0.8432746196957566,0.8432746196957566,0.8529736235081737
13,unriped_tomato_35.jpeg,unripe,train,RB,3,0.9072311120113429,0.9072311120113429,0.9072311120113429,0.9072311120113429,0.9072311120113429,0.9165693986297894
13,unriped_tomato_35.jpeg,unripe,train,GB,2,0.9088805031446541,0.9088805031446541,0.9088805031446541,0.9088805031446541,0.9088805031446541,0.9171746687490554
13,unriped_tomato_35.jpeg,unripe,train,RGB,4,0.9040543943591035,0.9040543943591035,0.9040543943591035,0.9040543943591035,0.9040543943591035,0.9124249609040004
14,unriped_tomato_4.jpeg,unripe,train,R,2,0.5221952658842043,0.5221952658842043,0.5221952658842043,0.5221952658842043,0.5221952658842043,0.6315013514620362
14,unriped_tomato_4.jpeg,unripe,train,G,8,0.5694658448895737,0.5694658448895737,0.5694658448895737,0.5694658448895737,0.5694658448895737,0.6786852125262258
14,unriped_tomato_4.jpeg,unripe,train,B,2,0.2628029772886316,0.2628029772886316,0.15976669249908226,0.2628029772886316,0.2628029772886316,0.3516106110847939
14,unriped_tomato_4.jpeg,unripe,train,RG,7,0.5446563134788022,0.5446563134788022,0.5446563134788022,0.5446563134788022,0.5446563134788022,0.6680847582426573
14,unriped_tomato_4.jpeg,unripe,train,RB,11,0.3605426794799322,0.3605426794799322,0.3605426794799322,0.15160067947210246,0.3605426794799322,0.4401560837176304
14,unriped_tomato_4.jpeg,unripe,train,GB,6,0.3738500581579782,0.3738500581579782,0.3738500581579782,0.13790124456683134,0.3738500581579782,0.44329430031700845
14,unriped_tomato_4.jpeg,unripe,train,RGB,11,0.4644071989609747,0.4644071989609747,0.4644071989609747,0.4644071989609747,0.4644071989609747,0.5943558282208589
15,unriped_tomato_43.jpeg,unripe,test,R,5,0.09100680759584379,0.09100680759584379,0.09100680759584379,0.0714877255249926,0.09100680759584379,0.06094646271510516
15,unriped_tomato_43.jpeg,unripe,test,G,3,0.09462204168138467,0.09462204168138467,0.09462204168138467,0.06684256816182937,0.09462204168138467,0.09822646657571624
15,unriped_tomato_43.jpeg,unripe,test,B,8,0.08079393588845932,0.08079393588845932,0.07517806615279539,0.08079393588845932,0.08079393588845932,0.0864204561633304
15,unriped_tomato_43.jpeg,unripe,test,RG,4,0.09167898911143971,0.09167898911143971,0.09167898911143971,0.06925555913631969,0.09167898911143971,0.10065282534246575
15,unriped_tomato_43.jpeg,unripe,test,RB,6,0.08155146693187469,0.07687216054397208,0.08155146693187469,0.07687216054397208,0.07687216054397208,0.1048461673039914
15,unriped_tomato_43.jpeg,unripe,test,GB,5,0.08715663712481027,0.08715663712481027,0.08715663712481027,0.07335074717531284,0.08715663712481027,0.09094290496559419
15,unriped_tomato_43.jpeg,unripe,test,RGB,6,0.0885925925925926,0.0885925925925926,0.0885925925925926,0.07254433936610569,0.0885925925925926,0.09255546213052196
16,unriped_tomato_51.jpeg,unripe,validation,R,7,0.38572375957074817,0.38572375957074817,0.0589501164185423,0.0589501164185423,0.38572375957074817,0.40612751502482364
16,unriped_tomato_51.jpeg,unripe,validation,G,3,0.41523520084566595,0.41523520084566595,0.41523520084566595,0.05987179917441353,0.41523520084566595,0.43935910331944245
16,unriped_tomato_51.jpeg,unripe,validation,B,10,0.3261729790842284,0.3261729790842284,0.3261729790842284,0.11217959130632534,0.3261729790842284,0.3990292151295906
16,unriped_tomato_51.jpeg,unripe,validation,RG,7,0.4063329663925403,0.4063329663925403,0.4063329663925403,0.06083418107833164,0.4063329663925403,0.4413974181314273
16,unriped_tomato_51.jpeg,unripe,validation,RB,3,0.36007827788649704,0.36007827788649704,0.36007827788649704,0.08129382648150695,0.36007827788649704,0.3830828133862734
16,unriped_tomato_51.jpeg,unripe,validation,GB,3,0.38945918015845676,0.38945918015845676,0.38945918015845676,0.07942665526990597,0.38945918015845676,0.41614432044029964
16,unriped_tomato_51.jpeg,unripe,validation,RGB,8,0.38798637495087124,0.38798637495087124,0.38798637495087124,0.07233626588465299,0.38798637495087124,0.4234093279690061
17,unriped_tomato_54.jpeg,unripe,train,R,10,0.3693116161338249,0.25784663285291015,0.25784663285291015,0.25784663285291015,0.25784663285291015,0.3392988043780491
17,unriped_tomato_54.jpeg,unripe,train,G,5,0.638890800247712,0.10873349467159173,0.638890800247712,0.10873349467159173,0.10873349467159173,0.09269922201221924
17,unriped_tomato_54.jpeg,unripe,train,B,9,0.31493063043634534,0.30879007238883144,0.31493063043634534,0.30879007238883144,0.30879007238883144,0.48629897986411874
17,unriped_tomato_54.jpeg,unripe,train,RG,8,0.5296030575298377,0.17035646469877438,0.5296030575298377,0.17035646469877438,0.17035646469877438,0.444480130181569
17,unriped_tomato_54.jpeg,unripe,train,RB,13,0.33417496929166096,0.29656025947422326,0.33417496929166096,0.29656025947422326,0.29656025947422326,0.5053862070436657
17,unriped_tomato_54.jpeg,unripe,train,GB,10,0.48553428128959597,0.20722361809045226,0.48553428128959597,0.20722361809045226,0.20722361809045226,0.4390651429514419
17,unriped_tomato_54.jpeg,unripe,train,RGB,11,0.4511683848797251,0.22440091774303195,0.4511683848797251,0.22440091774303195,0.22440091774303195,0.45151923238784614
18,unriped_tomato_55.jpeg,unripe,train,R,7,0.3584377406033457,0.3584377406033457,0.18206383395339729,0.18206383395339729,0.3584377406033457,0.4604212222350098
18,unriped_tomato_55.jpeg,unripe,train,G,2,0.4288809618179416,0.4288809618179416,0.12376026971293902,0.12376026971293902,0.4288809618179416,0.5029422119398481
18,unriped_tomato_55.jpeg,unripe,train,B,8,0.404587448231921,0.404587448231921,0.404587448231921,0.404587448231921,0.404587448231921,0.5518382200901534
18,unriped_tomato_55.jpeg,unripe,train,RG,11,0.3852760736196319,0.3852760736196319,0.15597193083990452,0.15597193083990452,0.3852760736196319,0.47534047964252607
18,unriped_tomato_55.jpeg,unripe,train,RB,6,0.3180499930948764,0.3180499930948764,0.24825651302605212,0.24825651302605212,0.3180499930948764,0.4583467057906561
18,unriped_tomato_55.jpeg,unripe,train,GB,8,0.3469635917121671,0.3469635917121671,0.20638820638820637,0.20638820638820637,0.3469635917121671,0.46808859336954484
18,unriped_tomato_55.jpeg,unripe,train,RGB,7,0.351777069311607,0.351777069311607,0.19638401596867683,0.19638401596867683,0.351777069311607,0.4640768588137009
19,unriped_tomato_58.jpeg,unripe,train,R,4,0.8235073225685318,0.8235073225685318,0.8235073225685318,0.8235073225685318,0.8235073225685318,0.8816867989646247
19,unriped_tomato_58.jpeg,unripe,train,G,7,0.7966980123958111,0.7966980123958111,0.7966980123958111,0.7966980123958111,0.7966980123958111,0.8746573501746843
19,unriped_tomato_58.jpeg,unripe,train,B,2,0.8931197190826292,0.8931197190826292,0.8931197190826292,0.8931197190826292,0.8931197190826292,0.9068549054210555
19,unriped_tomato_58.jpeg,unripe,train,RG,3,0.814259715233915,0.814259715233915,0.814259715233915,0.814259715233915,0.814259715233915,0.8787193973634652
19,unriped_tomato_58.jpeg,unripe,train,RB,2,0.8857922007090264,0.8857922007090264,0.8857922007090264,0.8857922007090264,0.8857922007090264,0.9014030472432314
19,unriped_tomato_58.jpeg,unripe,train,GB,2,0.8863909200043654,0.8863909200043654,0.8863909200043654,0.8863909200043654,0.8863909200043654,0.9013482407102926
19,unriped_tomato_58.jpeg,unripe,train,RGB,4,0.8769330945791959,0.8769330945791959,0.8769330945791959,0.8769330945791959,0.8769330945791959,0.8969842395157333
20,unriped_tomato_6.jpeg,unripe,test,R,3,0.29892128771279286,0.29892128771279286,0.29892128771279286,0.05708627219346096,0.29892128771279286,0.3188392975627018
20,unriped_tomato_6.jpeg,unripe,test,G,8,0.269656622284513,0.269656622284513,0.043423851833312474,0.043423851833312474,0.269656622284513,0.28226857887874834
20,unriped_tomato_6.jpeg,unripe,test,B,7,0.23229070837166513,0.23229070837166513,0.10130558183538316,0.23229070837166513,0.23229070837166513,0.3481295365717476
20,unriped_tomato_6.jpeg,unripe,test,RG,7,0.29060032535809227,0.29060032535809227,0.29060032535809227,0.051739289637495425,0.29060032535809227,0.3035852990474633
20,unriped_tomato_6.jpeg,unripe,test,RB,6,0.17629927396529801,0.17629927396529801,0.17629927396529801,0.15778062131229117,0.17629927396529801,0.15994664142174791
20,unriped_tomato_6.jpeg,unripe,test,GB,6,0.1850367151206354,0.1850367151206354,0.14708957825026142,0.1850367151206354,0.1850367151206354,0.22301963961878304
20,unriped_tomato_6.jpeg,unripe,test,RGB,4,0.21824986065769567,0.21824986065769567,0.21824986065769567,0.11881730242745027,0.21824986065769567,0.20172717363964116
21,unriped_tomato_61.jpeg,unripe,validation,R,4,0.36689814814814814,0.36689814814814814,0.36689814814814814,0.21854473242018432,0.36689814814814814,0.3835616438356164
21,unriped_tomato_61.jpeg,unripe,validation,G,5,0.46481419978596994,0.46481419978596994,0.46481419978596994,0.46481419978596994,0.46481419978596994,0.509925938910557
21,unriped_tomato_61.jpeg,unripe,validation,B,8,0.4002992978013123,0.4002992978013123,0.03248633000964941,0.4002992978013123,0.4002992978013123,0.39531581132157917
21,unriped_tomato_61.jpeg,unripe,validation,RG,2,0.4229452698890352,0.4229452698890352,0.4229452698890352,0.4229452698890352,0.4229452698890352,0.44150573123411085
21,unriped_tomato_61.jpeg,unripe,validation,RB,3,0.35248614532019706,0.35248614532019706,0.35248614532019706,0.22785229764879888,0.35248614532019706,0.36828005000893016
21,unriped_tomato_61.jpeg,unripe,validation,GB,6,0.45481960942959065,0.45481960942959065,0.45481960942959065,0.45481960942959065,0.45481960942959065,0.4954614549402823
21,unriped_tomato_61.jpeg,unripe,validation,RGB,2,0.4155590598483142,0.4155590598483142,0.4155590598483142,0.18219064412405353,0.4155590598483142,0.4335344751087053
22,unriped_tomato_62.jpeg,unripe,train,R,7,0.42897460018814676,0.42897460018814676,0.42897460018814676,0.42897460018814676,0.42897460018814676,0.4195305500806307
22,unriped_tomato_62.jpeg,unripe,train,G,2,0.5781127335531481,0.5781127335531481,0.1389771328811425,0.1389771328811425,0.5781127335531481,0.5939158453373768
22,unriped_tomato_62.jpeg,unripe,train,B,8,0.5209539564378274,0.5209539564378274,0.5209539564378274,0.5209539564378274,0.5209539564378274,0.6329671843256086
22,unriped_tomato_62.jpeg,unripe,train,RG,11,0.38777675405533685,0.30278665762536733,0.30278665762536733,0.30278665762536733,0.30278665762536733,0.26595744680851063
22,unriped_tomato_62.jpeg,unripe,train,RB,8,0.5146390190135024,0.5146390190135024,0.5146390190135024,0.5146390190135024,0.5146390190135024,0.6342549445997722
22,unriped_tomato_62.jpeg,unripe,train,GB,6,0.49001380889831936,0.49001380889831936,0.49001380889831936,0.49001380889831936,0.49001380889831936,0.612605946454998
22,unriped_tomato_62.jpeg,unripe,train,RGB,9,0.48774044974261715,0.48774044974261715,0.48774044974261715,0.48774044974261715,0.48774044974261715,0.6147834912043302
23,unriped_tomato_64.jpeg,unripe,train,R,7,0.8039747064137308,0.8039747064137308,0.8039747064137308,0.8039747064137308,0.8039747064137308,0.8478781373844122
23,unriped_tomato_64.jpeg,unripe,train,G,4,0.8004384184460501,0.8004384184460501,0.8004384184460501,0.8004384184460501,0.8004384184460501,0.8395872420262664
23,unriped_tomato_64.jpeg,unripe,train,B,3,0.8857573149741824,0.8857573149741824,0.8857573149741824,0.8857573149741824,0.8857573149741824,0.8888648742111178
23,unriped_tomato_64.jpeg,unripe,train,RG,4,0.8037711207248388,0.8037711207248388,0.8037711207248388,0.8037711207248388,0.8037711207248388,0.8442075046134919
23,unriped_tomato_64.jpeg,unripe,train,RB,4,0.8712462781794981,0.8712462781794981,0.8712462781794981,0.8712462781794981,0.8712462781794981,0.8797333105393623
23,unriped_tomato_64.jpeg,unripe,train,GB,2,0.8722644796668508,0.8722644796668508,0.8722644796668508,0.8722644796668508,0.8722644796668508,0.8792588164973102
23,unriped_tomato_64.jpeg,unripe,train,RGB,3,0.8621854416483702,0.8621854416483702,0.8621854416483702,0.8621854416483702,0.8621854416483702,0.8735417638824078
24,unriped_tomato_65.jpeg,unripe,test,R,6,0.4851893676164003,0.4851893676164003,0.4851893676164003,0.17503101095720489,0.4851893676164003,0.5030220681253806
24,unriped_tomato_65.jpeg,unripe,test,G,2,0.5120862461046071,0.5120862461046071,0.5120862461046071,0.5120862461046071,0.5120862461046071,0.5592804213909472
24,unriped_tomato_65.jpeg,unripe,test,B,9,0.35050695286499317,0.18981662964414828,0.18981662964414828,0.35050695286499317,0.18981662964414828,0.16474189508835396
24,unriped_tomato_65.jpeg,unripe,test,RG,6,0.49871045392022006,0.49871045392022006,0.49871045392022006,0.16491574786769295,0.49871045392022006,0.5479922099601224
24,unriped_tomato_65.jpeg,unripe,test,RB,5,0.42052090881964277,0.42052090881964277,0.42052090881964277,0.21115496197172054,0.42052090881964277,0.4527452331725247
24,unriped_tomato_65.jpeg,unripe,test,GB,8,0.43232561073035364,0.43232561073035364,0.43232561073035364,0.20196641800880408,0.43232561073035364,0.4799891955161392
24,unriped_tomato_65.jpeg,unripe,test,RGB,4,0.46006376195536663,0.46006376195536663,0.46006376195536663,0.18643801544704805,0.46006376195536663,0.5070519593880645
25,unriped_tomato_72.jpeg,unripe,train,R,7,0.26338434459492494,0.26338434459492494,0.26338434459492494,0.08461764582370974,0.26338434459492494,0.2997698826963013
25,unriped_tomato_72.jpeg,unripe,train,G,7,0.27161876858115386,0.27161876858115386,0.27161876858115386,0.05214418008263285,0.27161876858115386,0.2881082823074444
25,unriped_tomato_72.jpeg,unripe,train,B,8,0.28350489830424186,0.28350489830424186,0.28350489830424186,0.28350489830424186,0.28350489830424186,0.3367147461298674
25,unriped_tomato_72.jpeg,unripe,train,RG,7,0.26812893732468845,0.26812893732468845,0.26812893732468845,0.06976331098183756,0.26812893732468845,0.3019313529967461
25,unriped_tomato_72.jpeg,unripe,train,RB,3,0.2013476372018796,0.2013476372018796,0.13174866408697256,0.2013476372018796,0.2013476372018796,0.24977012050525094
25,unriped_tomato_72.jpeg,unripe,train,GB,8,0.2246004169562196,0.2246004169562196,0.11260526431815175,0.2246004169562196,0.2246004169562196,0.2747129369737178
25,unriped_tomato_72.jpeg,unripe,train,RGB,9,0.18384927215772986,0.15121021367142476,0.18384927215772986,0.15121021367142476,0.15121021367142476,0.21858746235970436
26,unriped_tomato_74.jpeg,unripe,train,R,2,0.9231133191388692,0.9231133191388692,0.9231133191388692,0.9231133191388692,0.9231133191388692,0.9346227621483376
26,unriped_tomato_74.jpeg,unripe,train,G,6,0.907186568335164,0.907186568335164,0.907186568335164,0.907186568335164,0.907186568335164,0.9334765656083392
26,unriped_tomato_74.jpeg,unripe,train,B,3,0.9333066132264529,0.9333066132264529,0.9333066132264529,0.9333066132264529,0.9333066132264529,0.9437865022712524
26,unriped_tomato_74.jpeg,unripe,train,RG,2,0.9196540880503145,0.9196540880503145,0.9196540880503145,0.9196540880503145,0.9196540880503145,0.9346040354095223
26,unriped_tomato_74.jpeg,unripe,train,RB,3,0.9303141444745655,0.9303141444745655,0.9303141444745655,0.9303141444745655,0.9303141444745655,0.941437802907916
26,unriped_tomato_74.jpeg,unripe,train,GB,3,0.928850290813481,0.928850290813481,0.928850290813481,0.928850290813481,0.928850290813481,0.9412192167945095
26,unriped_tomato_74.jpeg,unripe,train,RGB,3,0.9283555979643766,0.9283555979643766,0.9283555979643766,0.9283555979643766,0.9283555979643766,0.9399774411859491
27,unriped_tomato_8.jpeg,unripe,validation,R,6,0.728694131564059,0.728694131564059,0.728694131564059,0.728694131564059,0.728694131564059,0.757361963190184
27,unriped_tomato_8.jpeg,unripe,validation,G,2,0.5808881217636905,0.5808881217636905,0.5808881217636905,0.5808881217636905,0.5808881217636905,0.6330912700485868
27,unriped_tomato_8.jpeg,unripe,validation,B,3,0.799649231404106,0.799649231404106,0.799649231404106,0.799649231404106,0.799649231404106,0.8244620611551529
27,unriped_tomato_8.jpeg,unripe,validation,RG,6,0.6998914896915207,0.6998914896915207,0.6998914896915207,0.6998914896915207,0.6998914896915207,0.7309284144908282
27,unriped_tomato_8.jpeg,unripe,validation,RB,3,0.7955516655511506,0.7955516655511506,0.7955516655511506,0.7955516655511506,0.7955516655511506,0.8200174690438268
27,unriped_tomato_8.jpeg,unripe,validation,GB,3,0.7952930270882687,0.7952930270882687,0.7952930270882687,0.7952930270882687,0.7952930270882687,0.8205642053337444
27,unriped_tomato_8.jpeg,unripe,validation,RGB,4,0.7922431973663906,0.7922431973663906,0.7922431973663906,0.7922431973663906,0.7922431973663906,0.8161893029463094
28,unriped_tomato_9.jpeg,unripe,test,R,2,0.7104218816777581,0.7104218816777581,0.7104218816777581,0.7104218816777581,0.7104218816777581,0.7182748991622712
28,unriped_tomato_9.jpeg,unripe,test,G,4,0.6897397547113371,0.6897397547113371,0.6897397547113371,0.6897397547113371,0.6897397547113371,0.6978666504588829
28,unriped_tomato_9.jpeg,unripe,test,B,2,0.7478134110787172,0.7478134110787172,0.7478134110787172,0.7478134110787172,0.7478134110787172,0.7587948986507301
28,unriped_tomato_9.jpeg,unripe,test,RG,4,0.7039995159436074,0.7039995159436074,0.7039995159436074,0.7039995159436074,0.7039995159436074,0.7151044555370678
28,unriped_tomato_9.jpeg,unripe,test,RB,2,0.7451373693168004,0.7451373693168004,0.7451373693168004,0.7451373693168004,0.7451373693168004,0.7570387750061743
28,unriped_tomato_9.jpeg,unripe,test,GB,2,0.7422082628654264,0.7422082628654264,0.7422082628654264,0.7422082628654264,0.7422082628654264,0.7542643269112774
28,unriped_tomato_9.jpeg,unripe,test,RGB,2,0.7406802227063665,0.7406802227063665,0.7406802227063665,0.7406802227063665,0.7406802227063665,0.7528131341080981
29,riped_tomato_11.jpeg,ripe,train,R,4,0.22549749920187293,0.22549749920187293,0.14491274123766468,0.14491274123766468,0.22549749920187293,0.2779793372723817
29,riped_tomato_11.jpeg,ripe,train,G,6,0.35768783790611897,0.35768783790611897,0.35768783790611897,0.35768783790611897,0.35768783790611897,0.4013062044712384
29,riped_tomato_11.jpeg,ripe,train,B,6,0.3214094254105951,0.3214094254105951,0.3214094254105951,0.3214094254105951,0.3214094254105951,0.30972909305064783
29,riped_tomato_11.jpeg,ripe,train,RG,5,0.24594992636229748,0.15243730628346014,0.24594992636229748,0.24594992636229748,0.15243730628346014,0.14804063860667635
29,riped_tomato_11.jpeg,ripe,train,RB,8,0.2557309010182906,0.1440390856246211,0.2557309010182906,0.2557309010182906,0.1440390856246211,0.14619414932324262
29,riped_tomato_11.jpeg,ripe,train,GB,7,0.3425037859666835,0.3425037859666835,0.3425037859666835,0.3425037859666835,0.3425037859666835,0.3256199152335948
29,riped_tomato_11.jpeg,ripe,train,RGB,7,0.29963226280951216,0.11375894525328727,0.29963226280951216,0.29963226280951216,0.11375894525328727,0.11849371192418683
30,riped_tomato_12.jpeg,ripe,train,R,9,0.10538234674531283,0.00914289748658571,0.10538234674531283,0.00914289748658571,0.00914289748658571,0.007711897844255533
30,riped_tomato_12.jpeg,ripe,train,G,7,0.3309296433443773,0.013322270949389594,0.3309296433443773,0.3309296433443773,0.013322270949389594,0.052605851819091734
30,riped_tomato_12.jpeg,ripe,train,B,11,0.061173744737362604,0.061173744737362604,0.007966457023060796,0.061173744737362604,0.061173744737362604,0.05854770601797881
30,riped_tomato_12.jpeg,ripe,train,RG,17,0.057037643207855974,0.057037643207855974,0.0378562685784228,0.057037643207855974,0.057037643207855974,0.059509148486981
30,riped_tomato_12.jpeg,ripe,train,RB,10,0.05870045333023364,0.05870045333023364,0.018598884066955982,0.05870045333023364,0.05870045333023364,0.059365888255536
30,riped_tomato_12.jpeg,ripe,train,GB,11,0.06341719077568134,0.06341719077568134,0.006321307431390688,0.06341719077568134,0.06341719077568134,0.059500302767027356
30,riped_tomato_12.jpeg,ripe,train,RGB,11,0.06158813680937575,0.06158813680937575,0.01442169022209403,0.06158813680937575,0.06158813680937575,0.062508977047485
31,riped_tomato_13.jpeg,ripe,train,R,5,0.4350595113802464,0.4350595113802464,0.25211791553346463,0.25211791553346463,0.4350595113802464,0.43908808398401794
31,riped_tomato_13.jpeg,ripe,train,G,3,0.7029132362254592,0.7029132362254592,0.7029132362254592,0.7029132362254592,0.7029132362254592,0.7612905231094396
31,riped_tomato_13.jpeg,ripe,train,B,2,0.7007891139555114,0.7007891139555114,0.7007891139555114,0.7007891139555114,0.7007891139555114,0.7618738002353087
31,riped_tomato_13.jpeg,ripe,train,RG,4,0.6353127621888692,0.6353127621888692,0.6353127621888692,0.6353127621888692,0.6353127621888692,0.6818844400334957
31,riped_tomato_13.jpeg,ripe,train,RB,8,0.6758051554676392,0.6758051554676392,0.6758051554676392,0.6758051554676392,0.6758051554676392,0.7381687878413443
31,riped_tomato_13.jpeg,ripe,train,GB,3,0.7031240217867651,0.7031240217867651,0.7031240217867651,0.7031240217867651,0.7031240217867651,0.761856021835551
31,riped_tomato_13.jpeg,ripe,train,RGB,7,0.6837760675273088,0.6837760675273088,0.6837760675273088,0.6837760675273088,0.6837760675273088,0.7591566302362303
32,riped_tomato_14.jpeg,ripe,validation,R,7,0.5505259123621343,0.5505259123621343,0.20446243105794715,0.5505259123621343,0.5505259123621343,0.5450206398348814
32,riped_tomato_14.jpeg,ripe,validation,G,2,0.4284301925722146,0.4284301925722146,0.3080913968942113,0.3080913968942113,0.4284301925722146,0.4005445818718848
32,riped_tomato_14.jpeg,ripe,validation,B,9,0.5290651868598637,0.5290651868598637,0.14370610480821178,0.5290651868598637,0.5290651868598637,0.5993533117770592
32,riped_tomato_14.jpeg,ripe,validation,RG,2,0.500477472002778,0.500477472002778,0.2505375965029788,0.2505375965029788,0.500477472002778,0.4939471670941902
32,riped_tomato_14.jpeg,ripe,validation,RB,3,0.5358628929262967,0.5358628929262967,0.20750405425328025,0.20750405425328025,0.5358628929262967,0.5158174455879871
32,riped_tomato_14.jpeg,ripe,validation,GB,4,0.4213140283681973,0.4213140283681973,0.31205237647399264,0.31205237647399264,0.4213140283681973,0.4125809004982074
32,riped_tomato_14.jpeg,ripe,validation,RGB,8,0.4907514203938656,0.4907514203938656,0.25535790827261035,0.25535790827261035,0.4907514203938656,0.46959611405954843
33,riped_tomato_15.jpeg,ripe,train,R,6,0.7542138457566481,0.7542138457566481,0.7542138457566481,0.11990134699298045,0.7542138457566481,0.7670563152477576
33,riped_tomato_15.jpeg,ripe,train,G,6,0.4615201334286395,0.4615201334286395,0.4615201334286395,0.29938348954939603,0.4615201334286395,0.4464871536687563
33,riped_tomato_15.jpeg,ripe,train,B,4,0.47692084662220935,0.47692084662220935,0.47692084662220935,0.47692084662220935,0.47692084662220935,0.484436998501014
33,riped_tomato_15.jpeg,ripe,train,RG,4,0.6536224993599824,0.6536224993599824,0.6536224993599824,0.18200677190137823,0.6536224993599824,0.656490790342702
33,riped_tomato_15.jpeg,ripe,train,RB,5,0.7345425172565722,0.7345425172565722,0.7345425172565722,0.13078844095611844,0.7345425172565722,0.7487151248164464
33,riped_tomato_15.jpeg,ripe,train,GB,6,0.37374089957115786,0.36043601960717103,0.36043601960717103,0.37374089957115786,0.36043601960717103,0.3634999825559083
33,riped_tomato_15.jpeg,ripe,train,RGB,4,0.6071014912407703,0.6071014912407703,0.6071014912407703,0.20963676085756128,0.6071014912407703,0.6135949901696643
34,riped_tomato_16.jpeg,ripe,validation,R,6,0.47015478957519413,0.47015478957519413,0.47015478957519413,0.47015478957519413,0.47015478957519413,0.5860481235765918
34,riped_tomato_16.jpeg,ripe,validation,G,3,0.7889051537024885,0.7889051537024885,0.7889051537024885,0.7889051537024885,0.7889051537024885,0.7905706191825173
34,riped_tomato_16.jpeg,ripe,validation,B,3,0.7864282485308152,0.7864282485308152,0.7864282485308152,0.7864282485308152,0.7864282485308152,0.788182550876486
34,riped_tomato_16.jpeg,ripe,validation,RG,3,0.7769852354349561,0.7769852354349561,0.7769852354349561,0.7769852354349561,0.7769852354349561,0.7792454718302811
34,riped_tomato_16.jpeg,ripe,validation,RB,3,0.774916737088035,0.774916737088035,0.774916737088035,0.774916737088035,0.774916737088035,0.7773677123335494
34,riped_tomato_16.jpeg,ripe,validation,GB,2,0.7872522386558004,0.7872522386558004,0.7872522386558004,0.7872522386558004,0.7872522386558004,0.7890037831021438
34,riped_tomato_16.jpeg,ripe,validation,RGB,3,0.7818927981582503,0.7818927981582503,0.7818927981582503,0.7818927981582503,0.7818927981582503,0.7834989461005721
35,riped_tomato_20.jpeg,ripe,validation,R,9,0.4131204967955097,0.32554517133956384,0.4131204967955097,0.4131204967955097,0.32554517133956384,0.4666449635115705
35,riped_tomato_20.jpeg,ripe,validation,G,3,0.8999914958754996,0.8999914958754996,0.8999914958754996,0.8999914958754996,0.8999914958754996,0.9056339225016995
35,riped_tomato_20.jpeg,ripe,validation,B,3,0.8981331514789873,0.8981331514789873,0.8981331514789873,0.8981331514789873,0.8981331514789873,0.901892260484146
35,riped_tomato_20.jpeg,ripe,validation,RG,3,0.8838202342197607,0.8838202342197607,0.8838202342197607,0.8838202342197607,0.8838202342197607,0.8910811610122945
35,riped_tomato_20.jpeg,ripe,validation,RB,4,0.8838513769980177,0.8838513769980177,0.8838513769980177,0.8838513769980177,0.8838513769980177,0.8881484605651624
35,riped_tomato_20.jpeg,ripe,validation,GB,3,0.8989649444136815,0.8989649444136815,0.8989649444136815,0.8989649444136815,0.8989649444136815,0.9028865803814714
35,riped_tomato_20.jpeg,ripe,validation,RGB,4,0.8922000847816871,0.8922000847816871,0.8922000847816871,0.8922000847816871,0.8922000847816871,0.8962332104571841
36,riped_tomato_21.jpeg,ripe,train,R,5,0.6335710131190625,0.6335710131190625,0.6335710131190625,0.05428168268806773,0.6335710131190625,0.6396400149993751
36,riped_tomato_21.jpeg,ripe,train,G,4,0.6385432406008354,0.6385432406008354,0.0670472281016826,0.6385432406008354,0.6385432406008354,0.6983409085820478
36,riped_tomato_21.jpeg,ripe,train,B,5,0.6327282068847405,0.6327282068847405,0.05141462332186841,0.6327282068847405,0.6327282068847405,0.6796287165855646
36,riped_tomato_21.jpeg,ripe,train,RG,8,0.5802046338576019,0.5802046338576019,0.5802046338576019,0.0995435432734468,0.5802046338576019,0.6036030458738315
36,riped_tomato_21.jpeg,ripe,train,RB,8,0.5897834796692524,0.5897834796692524,0.5897834796692524,0.09359463135130315,0.5897834796692524,0.6100472057883779
36,riped_tomato_21.jpeg,ripe,train,GB,6,0.6344765933323158,0.6344765933323158,0.060417301912270766,0.6344765933323158,0.6344765933323158,0.6769144653275636
36,riped_tomato_21.jpeg,ripe,train,RGB,5,0.5999610836053878,0.5999610836053878,0.09056761268781302,0.5999610836053878,0.5999610836053878,0.6738902556423146
37,riped_tomato_22.jpeg,ripe,test,R,6,0.7581344554010214,0.7581344554010214,0.7581344554010214,0.7581344554010214,0.7581344554010214,0.7528602627204276
37,riped_tomato_22.jpeg,ripe,test,G,8,0.5795997526561358,0.5795997526561358,0.231884914187812,0.5795997526561358,0.5795997526561358,0.6809868597479217
37,riped_tomato_22.jpeg,ripe,test,B,6,0.6290576405003867,0.6290576405003867,0.15300563556668753,0.6290576405003867,0.6290576405003867,0.6827121372164378
37,riped_tomato_22.jpeg,ripe,test,RG,6,0.7166144601419165,0.7166144601419165,0.7166144601419165,0.7166144601419165,0.7166144601419165,0.7129878978618475
37,riped_tomato_22.jpeg,ripe,test,RB,47,0.7581344554010214,0.7581344554010214,0.7581344554010214,0.7581344554010214,0.7581344554010214,0.7528602627204276
37,riped_tomato_22.jpeg,ripe,test,GB,5,0.6230829996458827,0.6230829996458827,0.17105745721271393,0.6230829996458827,0.6230829996458827,0.6847540607389653
37,riped_tomato_22.jpeg,ripe,test,RGB,24,0.5932189718218972,0.5932189718218972,0.19876547039300227,0.5932189718218972,0.5932189718218972,0.6748287974123771
38,riped_tomato_25.jpeg,ripe,train,R,4,0.4874323279195669,0.4874323279195669,0.4874323279195669,0.4874323279195669,0.4874323279195669,0.49975176248634695
38,riped_tomato_25.jpeg,ripe,train,G,5,0.14855936617594648,0.07093263276412085,0.07093263276412085,0.14855936617594648,0.07093263276412085,0.0438479174627436
38,riped_tomato_25.jpeg,ripe,train,B,5,0.15685509709414092,0.04847891834193204,0.04847891834193204,0.15685509709414092,0.04847891834193204,0.0392067679432366
38,riped_tomato_25.jpeg,ripe,train,RG,5,0.4424778761061947,0.4424778761061947,0.4424778761061947,0.4424778761061947,0.4424778761061947,0.4520370554836139
38,riped_tomato_25.jpeg,ripe,train,RB,5,0.425414364640884,0.425414364640884,0.425414364640884,0.425414364640884,0.425414364640884,0.43545336916492483
38,riped_tomato_25.jpeg,ripe,train,GB,5,0.15338254402698295,0.05718715797154323,0.05718715797154323,0.15338254402698295,0.05718715797154323,0.040048206174098454
38,riped_tomato_25.jpeg,ripe,train,RGB,10,0.3436123348017621,0.3436123348017621,0.3436123348017621,0.3436123348017621,0.3436123348017621,0.3514871382636656
39,riped_tomato_28.jpeg,ripe,validation,R,5,0.6103420195439739,0.6103420195439739,0.6103420195439739,0.6103420195439739,0.6103420195439739,0.670262470798406
39,riped_tomato_28.jpeg,ripe,validation,G,2,0.8202718236527149,0.8202718236527149,0.8202718236527149,0.8202718236527149,0.8202718236527149,0.8289383795600492
39,riped_tomato_28.jpeg,ripe,validation,B,2,0.8178569020163193,0.8178569020163193,0.8178569020163193,0.8178569020163193,0.8178569020163193,0.8273768926476606
39,riped_tomato_28.jpeg,ripe,validation,RG,2,0.8178140381633066,0.8178140381633066,0.8178140381633066,0.8178140381633066,0.8178140381633066,0.8283042053522666
39,riped_tomato_28.jpeg,ripe,validation,RB,2,0.8160780356542213,0.8160780356542213,0.8160780356542213,0.8160780356542213,0.8160780356542213,0.8257673722180631
39,riped_tomato_28.jpeg,ripe,validation,GB,2,0.8187095032397408,0.8187095032397408,0.8187095032397408,0.8187095032397408,0.8187095032397408,0.828009828009828
39,riped_tomato_28.jpeg,ripe,validation,RGB,3,0.8179611650485437,0.8179611650485437,0.8179611650485437,0.8179611650485437,0.8179611650485437,0.827762619372442
40,riped_tomato_29.jpeg,ripe,train,R,2,0.43382314214989204,0.43382314214989204,0.43382314214989204,0.43382314214989204,0.43382314214989204,0.4349114019496957
40,riped_tomato_29.jpeg,ripe,train,G,5,0.7710473491557445,0.7710473491557445,0.7710473491557445,0.7710473491557445,0.7710473491557445,0.7821269420691317
40,riped_tomato_29.jpeg,ripe,train,B,4,0.7423849643551523,0.7423849643551523,0.7423849643551523,0.7423849643551523,0.7423849643551523,0.7747097754149941
40,riped_tomato_29.jpeg,ripe,train,RG,2,0.755577677578029,0.755577677578029,0.755577677578029,0.755577677578029,0.755577677578029,0.7539817807816632
40,riped_tomato_29.jpeg,ripe,train,RB,5,0.7336758724041961,0.7336758724041961,0.7336758724041961,0.7336758724041961,0.7336758724041961,0.7691852011416878
40,riped_tomato_29.jpeg,ripe,train,GB,3,0.7668270591565242,0.7668270591565242,0.7668270591565242,0.7668270591565242,0.7668270591565242,0.7974299983165928
40,riped_tomato_29.jpeg,ripe,train,RGB,3,0.7574163215045338,0.7574163215045338,0.7574163215045338,0.7574163215045338,0.7574163215045338,0.7874273054555525
41,riped_tomato_3.jpeg,ripe,train,R,4,0.163600794206961,0.163600794206961,0.10889281507656066,0.10889281507656066,0.163600794206961,0.16640300308352327
41,riped_tomato_3.jpeg,ripe,train,G,4,0.3882573467166526,0.3882573467166526,0.3882573467166526,0.3882573467166526,0.3882573467166526,0.4295078059826004
41,riped_tomato_3.jpeg,ripe,train,B,6,0.4274750575594781,0.4274750575594781,0.4274750575594781,0.4274750575594781,0.4274750575594781,0.47502100433012345
41,riped_tomato_3.jpeg,ripe,train,RG,5,0.3629829806807728,0.3629829806807728,0.3629829806807728,0.3629829806807728,0.3629829806807728,0.3903881488286633
41,riped_tomato_3.jpeg,ripe,train,RB,5,0.40339843986212737,0.40339843986212737,0.40339843986212737,0.40339843986212737,0.40339843986212737,0.44298457087753135
41,riped_tomato_3.jpeg,ripe,train,GB,6,0.41034696406443616,0.41034696406443616,0.41034696406443616,0.41034696406443616,0.41034696406443616,0.44842300556586273
41,riped_tomato_3.jpeg,ripe,train,RGB,4,0.39835877632293487,0.39835877632293487,0.39835877632293487,0.39835877632293487,0.39835877632293487,0.43353673127542475
42,riped_tomato_31.jpeg,ripe,train,R,4,0.5826375386023104,0.2285321489001692,0.2285321489001692,0.2285321489001692,0.2285321489001692,0.3123960835026787
42,riped_tomato_31.jpeg,ripe,train,G,2,0.6583132406504899,0.6583132406504899,0.09923099674652469,0.6583132406504899,0.6583132406504899,0.7157865772819371
42,riped_tomato_31.jpeg,ripe,train,B,6,0.687444118022736,0.687444118022736,0.06270244569255,0.687444118022736,0.687444118022736,0.719183205345567
42,riped_tomato_31.jpeg,ripe,train,RG,8,0.6193595896498312,0.6193595896498312,0.13853060002992668,0.6193595896498312,0.6193595896498312,0.6939439066765947
42,riped_tomato_31.jpeg,ripe,train,RB,4,0.672069384039648,0.672069384039648,0.07341794995187681,0.672069384039648,0.672069384039648,0.7127783131934663
42,riped_tomato_31.jpeg,ripe,train,GB,6,0.6763547050094663,0.6763547050094663,0.07665381192524473,0.6763547050094663,0.6763547050094663,0.7192553403873029
42,riped_tomato_31.jpeg,ripe,train,RGB,6,0.6673621536347676,0.6673621536347676,0.08335572473503508,0.6673621536347676,0.6673621536347676,0.7132828971846707
43,riped_tomato_33.jpeg,ripe,train,R,2,0.9688592310136638,0.9688592310136638,0.9688592310136638,0.9688592310136638,0.9688592310136638,0.9704467041946614
43,riped_tomato_33.jpeg,ripe,train,G,2,0.9881390877290522,0.9881390877290522,0.9881390877290522,0.9881390877290522,0.9881390877290522,0.9898762915257379
43,riped_tomato_33.jpeg,ripe,train,B,2,0.9908365424766854,0.9908365424766854,0.9908365424766854,0.9908365424766854,0.9908365424766854,0.9907667323976337
43,riped_tomato_33.jpeg,ripe,train,RG,2,0.9843191513893693,0.9843191513893693,0.9843191513893693,0.9843191513893693,0.9843191513893693,0.9856335754640839
43,riped_tomato_33.jpeg,ripe,train,RB,2,0.9896692300565181,0.9896692300565181,0.9896692300565181,0.9896692300565181,0.9896692300565181,0.9895529302756544
43,riped_tomato_33.jpeg,ripe,train,GB,2,0.990332676480816,0.990332676480816,0.990332676480816,0.990332676480816,0.990332676480816,0.9904254086009041
43,riped_tomato_33.jpeg,ripe,train,RGB,2,0.9895312210487308,0.9895312210487308,0.9895312210487308,0.9895312210487308,0.9895312210487308,0.9896233844443415
44,riped_tomato_4.jpeg,ripe,train,R,10,0.17428957256928135,0.17428957256928135,0.074844812296778,0.074844812296778,0.17428957256928135,0.1768224409216807
44,riped_tomato_4.jpeg,ripe,train,G,4,0.3355420998514795,0.3355420998514795,0.3355420998514795,0.3355420998514795,0.3355420998514795,0.3455130078924291
44,riped_tomato_4.jpeg,ripe,train,B,3,0.28721593753128444,0.047256540111609305,0.28721593753128444,0.28721593753128444,0.047256540111609305,0.16456645664566458
44,riped_tomato_4.jpeg,ripe,train,RG,6,0.2557092487116897,0.07648107177974435,0.2557092487116897,0.2557092487116897,0.07648107177974435,0.0677299406902062
44,riped_tomato_4.jpeg,ripe,train,RB,9,0.25568549390395623,0.06686310063463281,0.25568549390395623,0.25568549390395623,0.06686310063463281,0.07527736494660077
44,riped_tomato_4.jpeg,ripe,train,GB,5,0.30937051029638696,0.04315540918411732,0.30937051029638696,0.30937051029638696,0.04315540918411732,0.15493037313222044
44,riped_tomato_4.jpeg,ripe,train,RGB,6,0.284833091436865,0.05390223119891438,0.284833091436865,0.284833091436865,0.05390223119891438,0.052211604768003156
45,riped_tomato_40.jpeg,ripe,test,R,4,0.4332740886401452,0.275373630503281,0.275373630503281,0.275373630503281,0.275373630503281,0.264370153068634
45,riped_tomato_40.jpeg,ripe,test,G,3,0.9169393842856729,0.9169393842856729,0.9169393842856729,0.9169393842856729,0.9169393842856729,0.9318873778525242
45,riped_tomato_40.jpeg,ripe,test,B,2,0.9305361712026052,0.9305361712026052,0.9305361712026052,0.9305361712026052,0.9305361712026052,0.9388051887615613
45,riped_tomato_40.jpeg,ripe,test,RG,4,0.9163589151759954,0.9163589151759954,0.9163589151759954,0.9163589151759954,0.9163589151759954,0.9288829833328519
45,riped_tomato_40.jpeg,ripe,test,RB,3,0.9271968467424067,0.9271968467424067,0.9271968467424067,0.9271968467424067,0.9271968467424067,0.9357372677468913
45,riped_tomato_40.jpeg,ripe,test,GB,3,0.9266494441380512,0.9266494441380512,0.9266494441380512,0.9266494441380512,0.9266494441380512,0.9355419936065097
45,riped_tomato_40.jpeg,ripe,test,RGB,3,0.9250463392029658,0.9250463392029658,0.9250463392029658,0.9250463392029658,0.9250463392029658,0.9340060310832753
46,riped_tomato_42.jpeg,ripe,train,R,3,0.900096704604627,0.900096704604627,0.900096704604627,0.900096704604627,0.900096704604627,0.92203287588599
46,riped_tomato_42.jpeg,ripe,train,G,2,0.9458891311118032,0.9458891311118032,0.9458891311118032,0.9458891311118032,0.9458891311118032,0.9492123207147896
46,riped_tomato_42.jpeg,ripe,train,B,2,0.9483119906868451,0.9483119906868451,0.9483119906868451,0.9483119906868451,0.9483119906868451,0.9492028758987183
46,riped_tomato_42.jpeg,ripe,train,RG,2,0.9419774098715766,0.9419774098715766,0.9419774098715766,0.9419774098715766,0.9419774098715766,0.9487239522360102
46,riped_tomato_42.jpeg,ripe,train,RB,2,0.9429651925600062,0.9429651925600062,0.9429651925600062,0.9429651925600062,0.9429651925600062,0.948102548118133
46,riped_tomato_42.jpeg,ripe,train,GB,2,0.9468448865402549,0.9468448865402549,0.9468448865402549,0.9468448865402549,0.9468448865402549,0.9492215006650497
46,riped_tomato_42.jpeg,ripe,train,RGB,2,0.9450472794915517,0.9450472794915517,0.9450472794915517,0.9450472794915517,0.9450472794915517,0.94953125
47,riped_tomato_45.jpeg,ripe,train,R,3,0.7593719439313268,0.7593719439313268,0.7593719439313268,0.7593719439313268,0.7593719439313268,0.7986111111111112
47,riped_tomato_45.jpeg,ripe,train,G,10,0.24070134504529234,0.24070134504529234,0.24070134504529234,0.22488024553251298,0.24070134504529234,0.24102472869596156
47,riped_tomato_45.jpeg,ripe,train,B,6,0.29624022205399947,0.29624022205399947,0.09508180660331145,0.29624022205399947,0.29624022205399947,0.3215159188797264
47,riped_tomato_45.jpeg,ripe,train,RG,4,0.6697221289053127,0.6697221289053127,0.6697221289053127,0.6697221289053127,0.6697221289053127,0.6998399679935987
47,riped_tomato_45.jpeg,ripe,train,RB,2,0.7279006959592812,0.7279006959592812,0.7279006959592812,0.7279006959592812,0.7279006959592812,0.7667433958127808
47,riped_tomato_45.jpeg,ripe,train,GB,13,0.24484617824294322,0.21363341102747316,0.21363341102747316,0.24484617824294322,0.21363341102747316,0.21643483843355446
47,riped_tomato_45.jpeg,ripe,train,RGB,3,0.6496503496503496,0.6496503496503496,0.6496503496503496,0.6496503496503496,0.6496503496503496,0.679641884001557
48,riped_tomato_46.jpeg,ripe,train,R,4,0.7172247057750205,0.7172247057750205,0.7172247057750205,0.7172247057750205,0.7172247057750205,0.7639453606834483
48,riped_tomato_46.jpeg,ripe,train,G,3,0.7611668185961714,0.7611668185961714,0.7611668185961714,0.7611668185961714,0.7611668185961714,0.7814737043046673
48,riped_tomato_46.jpeg,ripe,train,B,2,0.7845776645353589,0.7845776645353589,0.7845776645353589,0.7845776645353589,0.7845776645353589,0.7902238377654486
48,riped_tomato_46.jpeg,ripe,train,RG,4,0.7670575946061441,0.7670575946061441,0.7670575946061441,0.7670575946061441,0.7670575946061441,0.7816217240889057
48,riped_tomato_46.jpeg,ripe,train,RB,2,0.7796796557494621,0.7796796557494621,0.7796796557494621,0.7796796557494621,0.7796796557494621,0.7876852690273078
48,riped_tomato_46.jpeg,ripe,train,GB,3,0.7779108768567321,0.7779108768567321,0.7779108768567321,0.7779108768567321,0.7779108768567321,0.7878860197603933
48,riped_tomato_46.jpeg,ripe,train,RGB,3,0.7770980692028293,0.7770980692028293,0.7770980692028293,0.7770980692028293,0.7770980692028293,0.7866596838697391
49,riped_tomato_52.jpeg,ripe,test,R,7,0.6339283310448806,0.6339283310448806,0.6339283310448806,0.6339283310448806,0.6339283310448806,0.6118758002560819
49,riped_tomato_52.jpeg,ripe,test,G,3,0.47833039559520996,0.263455480466331,0.263455480466331,0.47833039559520996,0.263455480466331,0.18014180573153965
49,riped_tomato_52.jpeg,ripe,test,B,2,0.5729358626919603,0.11938515018195645,0.11938515018195645,0.5729358626919603,0.11938515018195645,0.03019313717409819
49,riped_tomato_52.jpeg,ripe,test,RG,11,0.49645714901527604,0.49645714901527604,0.49645714901527604,0.49645714901527604,0.49645714901527604,0.44147800085433575
49,riped_tomato_52.jpeg,ripe,test,RB,11,0.5795203449205066,0.5795203449205066,0.5795203449205066,0.5795203449205066,0.5795203449205066,0.5532516745390014
49,riped_tomato_52.jpeg,ripe,test,GB,9,0.5270069285740197,0.19039904962470977,0.19039904962470977,0.5270069285740197,0.19039904962470977,0.10918731738989287
49,riped_tomato_52.jpeg,ripe,test,RGB,3,0.4708846433671957,0.4708846433671957,0.4708846433671957,0.4708846433671957,0.4708846433671957,0.39978638184245663
50,riped_tomato_6.jpeg,ripe,test,R,6,0.5952806433271058,0.5952806433271058,0.5952806433271058,0.5952806433271058,0.5952806433271058,0.6830161307036027
50,riped_tomato_6.jpeg,ripe,test,G,3,0.6878454011052836,0.6878454011052836,0.6878454011052836,0.6878454011052836,0.6878454011052836,0.6878173477606191
50,riped_tomato_6.jpeg,ripe,test,B,2,0.6869647620384669,0.6869647620384669,0.6869647620384669,0.6869647620384669,0.6869647620384669,0.6888834493128649
50,riped_tomato_6.jpeg,ripe,test,RG,3,0.6871288520327489,0.6871288520327489,0.6871288520327489,0.6871288520327489,0.6871288520327489,0.6875938405670589
50,riped_tomato_6.jpeg,ripe,test,RB,3,0.6862820692555727,0.6862820692555727,0.6862820692555727,0.6862820692555727,0.6862820692555727,0.6881975446428571
50,riped_tomato_6.jpeg,ripe,test,GB,3,0.6872584159111673,0.6872584159111673,0.6872584159111673,0.6872584159111673,0.6872584159111673,0.6881998880179171
50,riped_tomato_6.jpeg,ripe,test,RGB,3,0.6870698131760079,0.6870698131760079,0.6870698131760079,0.6870698131760079,0.6870698131760079,0.6877707896575821
51,riped_tomato_7.jpeg,ripe,train,R,5,0.6216064341657008,0.6216064341657008,0.6216064341657008,0.6216064341657008,0.6216064341657008,0.6892471527880492
51,riped_tomato_7.jpeg,ripe,train,G,5,0.44627413813529204,0.17207560020432489,0.17207560020432489,0.44627413813529204,0.17207560020432489,0.07958540209473418
51,riped_tomato_7.jpeg,ripe,train,B,5,0.454351909830933,0.454351909830933,0.085373211515256,0.454351909830933,0.454351909830933,0.4779338252796953
51,riped_tomato_7.jpeg,ripe,train,RG,7,0.5817490494296578,0.5817490494296578,0.5817490494296578,0.5817490494296578,0.5817490494296578,0.6321328261101433
51,riped_tomato_7.jpeg,ripe,train,RB,3,0.6177423374034389,0.6177423374034389,0.6177423374034389,0.6177423374034389,0.6177423374034389,0.6851817124854668
51,riped_tomato_7.jpeg,ripe,train,GB,7,0.45296367662707426,0.15413639889978137,0.15413639889978137,0.45296367662707426,0.15413639889978137,0.05607441581336034
51,riped_tomato_7.jpeg,ripe,train,RGB,6,0.3935448123008727,0.2188355404305689,0.2188355404305689,0.3935448123008727,0.2188355404305689,0.14168193850539604
52,riped_tomato_73.jpeg,ripe,validation,R,5,0.6265374277103527,0.6265374277103527,0.6265374277103527,0.2785147801009373,0.6265374277103527,0.6227783725910064
52,riped_tomato_73.jpeg,ripe,validation,G,11,0.7253165166321668,0.7253165166321668,0.1228079685594254,0.7253165166321668,0.7253165166321668,0.7667220256576889
52,riped_tomato_73.jpeg,ripe,validation,B,13,0.7840355299483855,0.7840355299483855,0.05453161528842494,0.7840355299483855,0.7840355299483855,0.831098102252825
52,riped_tomato_73.jpeg,ripe,validation,RG,8,0.5493549436253252,0.5493549436253252,0.5493549436253252,0.3465158262125406,0.5493549436253252,0.5424941706199244
52,riped_tomato_73.jpeg,ripe,validation,RB,2,0.5797501216939802,0.5797501216939802,0.5797501216939802,0.319007307720136,0.5797501216939802,0.5710497415155492
52,riped_tomato_73.jpeg,ripe,validation,GB,14,0.7673989160151566,0.7673989160151566,0.07255803826579213,0.7673989160151566,0.7673989160151566,0.8075280683235774
52,riped_tomato_73.jpeg,ripe,validation,RGB,6,0.5084017722066133,0.5084017722066133,0.5084017722066133,0.38252263126131564,0.5084017722066133,0.505456788137184
53,riped_tomato_78.jpeg,ripe,train,R,8,0.21527305687740766,0.21527305687740766,0.21527305687740766,0.06187902609455181,0.21527305687740766,0.2548007822624349
53,riped_tomato_78.jpeg,ripe,train,G,2,0.34352370542423827,0.34352370542423827,0.34352370542423827,0.34352370542423827,0.34352370542423827,0.40656440074978006
53,riped_tomato_78.jpeg,ripe,train,B,5,0.25552638487792073,0.25552638487792073,0.028330240702506337,0.25552638487792073,0.25552638487792073,0.283132056689283
53,riped_tomato_78.jpeg,ripe,train,RG,7,0.20954389253358324,0.07295537808702986,0.07295537808702986,0.20954389253358324,0.07295537808702986,0.05333370545058748
53,riped_tomato_78.jpeg,ripe,train,RB,6,0.21562219996837612,0.06860728513031479,0.06860728513031479,0.21562219996837612,0.06860728513031479,0.04876744422939798
53,riped_tomato_78.jpeg,ripe,train,GB,7,0.27164522941063546,0.27164522941063546,0.02286287290047631,0.27164522941063546,0.27164522941063546,0.2973852573018081
53,riped_tomato_78.jpeg,ripe,train,RGB,6,0.24409801904460446,0.04065865459653504,0.04065865459653504,0.24409801904460446,0.04065865459653504,0.006983929174130903
54,riped_tomato_8.jpeg,ripe,train,R,2,0.3685979375520639,0.3685979375520639,0.3685979375520639,0.3685979375520639,0.3685979375520639,0.4529497632356606
54,riped_tomato_8.jpeg,ripe,train,G,2,0.25070538018183136,0.25070538018183136,0.2109258582393792,0.2109258582393792,0.25070538018183136,0.276408356157027
54,riped_tomato_8.jpeg,ripe,train,B,7,0.5581913818929181,0.5581913818929181,0.5581913818929181,0.5581913818929181,0.5581913818929181,0.6796525096525097
54,riped_tomato_8.jpeg,ripe,train,RG,11,0.31109391124871,0.31109391124871,0.31109391124871,0.15258399958196164,0.31109391124871,0.36133618482484414
54,riped_tomato_8.jpeg,ripe,train,RB,7,0.3795011337868481,0.3795011337868481,0.3795011337868481,0.3795011337868481,0.3795011337868481,0.4164868509777478
54,riped_tomato_8.jpeg,ripe,train,GB,4,0.42826673358007655,0.42826673358007655,0.42826673358007655,0.42826673358007655,0.42826673358007655,0.4786716391404724
54,riped_tomato_8.jpeg,ripe,train,RGB,6,0.3007247431382251,0.3007247431382251,0.3007247431382251,0.3007247431382251,0.3007247431382251,0.3349581713984586
55,riped_tomato_80.jpeg,ripe,validation,R,8,0.39692397263597107,0.39692397263597107,0.39692397263597107,0.020210121100328816,0.39692397263597107,0.4069059220389805
55,riped_tomato_80.jpeg,ripe,validation,G,4,0.30906114007497093,0.06768128916741271,0.06768128916741271,0.30906114007497093,0.06768128916741271,0.044888001774229316
55,riped_tomato_80.jpeg,ripe,validation,B,4,0.2922186156680411,0.08891916838820271,0.08891916838820271,0.2922186156680411,0.08891916838820271,0.36266076499081346
55,riped_tomato_80.jpeg,ripe,validation,RG,3,0.3524590163934426,0.3524590163934426,0.3524590163934426,0.019389830508474575,0.3524590163934426,0.3635564485746578
55,riped_tomato_80.jpeg,ripe,validation,RB,7,0.3500507872016252,0.3500507872016252,0.3500507872016252,0.01888599972628986,0.3500507872016252,0.3598359297315214
55,riped_tomato_80.jpeg,ripe,validation,GB,4,0.29761434031896666,0.08385992627698789,0.08385992627698789,0.29761434031896666,0.08385992627698789,0.3628880625078344
55,riped_tomato_80.jpeg,ripe,validation,RGB,6,0.3086925317684806,0.3086925317684806,0.3086925317684806,0.06280303723355594,0.3086925317684806,0.35715754410494716
56,riped_tomato_82.jpeg,ripe,train,R,10,0.51140502204332,0.51140502204332,0.51140502204332,0.011962348019348935,0.51140502204332,0.6896742131419106
56,riped_tomato_82.jpeg,ripe,train,G,7,0.21076784784974215,0.21076784784974215,0.21076784784974215,0.21076784784974215,0.21076784784974215,0.21988577362409137
56,riped_tomato_82.jpeg,ripe,train,B,11,0.15365629183400267,0.11847483358635992,0.11847483358635992,0.15365629183400267,0.11847483358635992,0.15127747146074397
56,riped_tomato_82.jpeg,ripe,train,RG,11,0.36847717901322335,0.36847717901322335,0.36847717901322335,0.019247886070315978,0.36847717901322335,0.4757887013939839
56,riped_tomato_82.jpeg,ripe,train,RB,6,0.3780913587430899,0.3780913587430899,0.3780913587430899,0.01847371893556191,0.3780913587430899,0.5310999897865386
56,riped_tomato_82.jpeg,ripe,train,GB,8,0.1788522524870759,0.08800177669202154,0.08800177669202154,0.1788522524870759,0.08800177669202154,0.1053311573507412
56,riped_tomato_82.jpeg,ripe,train,RGB,7,0.28989584580390276,0.28989584580390276,0.28989584580390276,0.03531491530998191,0.28989584580390276,0.3775996369961431
57,riped_tomato_83.jpeg,ripe,test,R,6,0.5715131189583744,0.5715131189583744,0.5715131189583744,0.5715131189583744,0.5715131189583744,0.5051393451308679
57,riped_tomato_83.jpeg,ripe,test,G,10,0.16950293829578844,0.16950293829578844,0.16950293829578844,0.169195351288381,0.16950293829578844,0.050891007045171986
57,riped_tomato_83.jpeg,ripe,test,B,5,0.2419420262722706,0.2419420262722706,0.0548180924287119,0.2419420262722706,0.2419420262722706,0.2791699667353081
57,riped_tomato_83.jpeg,ripe,test,RG,8,0.545429104477612,0.545429104477612,0.545429104477612,0.545429104477612,0.545429104477612,0.504205259235601
57,riped_tomato_83.jpeg,ripe,test,RB,10,0.5715131189583744,0.5715131189583744,0.5715131189583744,0.5715131189583744,0.5715131189583744,0.5051393451308679
57,riped_tomato_83.jpeg,ripe,test,GB,8,0.20592209976275563,0.10539549502357255,0.10539549502357255,0.20592209976275563,0.10539549502357255,0.003775111230955912
57,riped_tomato_83.jpeg,ripe,test,RGB,7,0.5389043639740019,0.5389043639740019,0.5389043639740019,0.5389043639740019,0.5389043639740019,0.5031426440822414
58,riped_tomato_9.jpeg,ripe,train,R,10,0.4137906530544567,0.4137906530544567,0.032490974729241874,0.032490974729241874,0.4137906530544567,0.4136513157894737
58,riped_tomato_9.jpeg,ripe,train,G,4,0.7212938005390835,0.7212938005390835,0.7212938005390835,0.7212938005390835,0.7212938005390835,0.7227493744984186
58,riped_tomato_9.jpeg,ripe,train,B,4,0.7412993605701176,0.7412993605701176,0.7412993605701176,0.7412993605701176,0.7412993605701176,0.7507746579587167
58,riped_tomato_9.jpeg,ripe,train,RG,7,0.7155581372833769,0.7155581372833769,0.7155581372833769,0.7155581372833769,0.7155581372833769,0.7202232959609701
58,riped_tomato_9.jpeg,ripe,train,RB,3,0.7389397778210876,0.7389397778210876,0.7389397778210876,0.7389397778210876,0.7389397778210876,0.7498332857006764
58,riped_tomato_9.jpeg,ripe,train,GB,5,0.7363400675047693,0.7363400675047693,0.7363400675047693,0.7363400675047693,0.7363400675047693,0.7402486069438491
58,riped_tomato_9.jpeg,ripe,train,RGB,5,0.7353156584151165,0.7353156584151165,0.7353156584151165,0.7353156584151165,0.7353156584151165,0.7437434579883909
59,riped_tomato_97.jpeg,ripe,test,R,5,0.7142214065583988,0.7142214065583988,0.7142214065583988,0.0480235830095136,0.7142214065583988,0.7275943813466369
59,riped_tomato_97.jpeg,ripe,test,G,6,0.450577379965744,0.2036271502867049,0.2036271502867049,0.450577379965744,0.2036271502867049,0.19597030752916225
59,riped_tomato_97.jpeg,ripe,test,B,5,0.47207004249654394,0.47207004249654394,0.14661654135338345,0.47207004249654394,0.47207004249654394,0.4873404952842084
59,riped_tomato_97.jpeg,ripe,test,RG,6,0.405004852713585,0.248583947846532,0.248583947846532,0.405004852713585,0.248583947846532,0.2477680246079976
59,riped_tomato_97.jpeg,ripe,test,RB,7,0.43644392260962783,0.1968833283979864,0.1968833283979864,0.43644392260962783,0.1968833283979864,0.16339173729618792
59,riped_tomato_97.jpeg,ripe,test,GB,7,0.46200845997180007,0.16934327502150845,0.16934327502150845,0.46200845997180007,0.16934327502150845,0.14593328548222584
59,riped_tomato_97.jpeg,ripe,test,RGB,6,0.4405331952892455,0.19587067745564063,0.19587067745564063,0.4405331952892455,0.19587067745564063,0.1664084054575003
