repeat,combination,postprocess,mask_source,strategy,features,corrected,introduced,threshold,auc,accuracy,sensitivity,specificity,balanced_accuracy,precision,f1,tn,fp,fn,tp
0,RB,True,kmeans,Bayes + análisis,"H,G,R",0,0,-1.2595929152467615,1.0,0.9166666666666666,1.0,0.8333333333333334,0.9166666666666667,0.8571428571428571,0.923076923076923,5,1,0,6
0,RB,True,kmeans,Bayes + SFS,"H,B",0,0,-1.2892125208547593,1.0,1.0,1.0,1.0,1.0,1.0,1.0,6,0,0,6
0,RB,True,kmeans,PCA + Bayes,"PC1,PC2,PC3",0,0,0.8858338923476636,1.0,1.0,1.0,1.0,1.0,1.0,1.0,6,0,0,6
0,RB,True,reference_test_swap,Bayes + análisis,"H,G,R",1,0,-1.2595929152467615,1.0,1.0,1.0,1.0,1.0,1.0,1.0,6,0,0,6
0,RB,True,reference_test_swap,Bayes + SFS,"H,B",0,0,-1.2892125208547593,1.0,1.0,1.0,1.0,1.0,1.0,1.0,6,0,0,6
0,RB,True,reference_test_swap,PCA + Bayes,"PC1,PC2,PC3",0,0,0.8858338923476636,1.0,1.0,1.0,1.0,1.0,1.0,1.0,6,0,0,6
0,RB,True,reference_fixed,Bayes + análisis,"H,G,R",1,0,-3.818162260184864,1.0,1.0,1.0,1.0,1.0,1.0,1.0,6,0,0,6
0,RB,True,reference_fixed,Bayes + SFS,"H,B",0,0,-0.9217997258054949,1.0,1.0,1.0,1.0,1.0,1.0,1.0,6,0,0,6
0,RB,True,reference_fixed,PCA + Bayes,"PC1,PC2,PC3",0,0,-3.22120084917713,1.0,1.0,1.0,1.0,1.0,1.0,1.0,6,0,0,6
0,RB,True,reference_redesign,Bayes + análisis,"H,R,S",1,0,-1.7630405131700932,1.0,1.0,1.0,1.0,1.0,1.0,1.0,6,0,0,6
0,RB,True,reference_redesign,Bayes + SFS,H,0,0,-1.589095083972751,1.0,1.0,1.0,1.0,1.0,1.0,1.0,6,0,0,6
0,RB,True,reference_redesign,PCA + Bayes,"PC1,PC2,PC3",0,0,-3.22120084917713,1.0,1.0,1.0,1.0,1.0,1.0,1.0,6,0,0,6
0,RB,True,kmeans_linear_hue,Bayes + análisis,"a*,R,S",1,0,3.753974946275463,1.0,1.0,1.0,1.0,1.0,1.0,1.0,6,0,0,6
0,RB,True,kmeans_linear_hue,Bayes + SFS,"a*,S",0,0,2.833117928202453,1.0,1.0,1.0,1.0,1.0,1.0,1.0,6,0,0,6
0,RB,True,kmeans_linear_hue,PCA + Bayes,"PC1,PC2,PC3,PC4",0,0,-0.5505537963064229,1.0,1.0,1.0,1.0,1.0,1.0,1.0,6,0,0,6
1,RB,True,kmeans,Bayes + análisis,"H,R,G",0,0,1.4988332664916957,1.0,1.0,1.0,1.0,1.0,1.0,1.0,6,0,0,6
1,RB,True,kmeans,Bayes + SFS,"H,R",0,0,2.353210643212625,1.0,1.0,1.0,1.0,1.0,1.0,1.0,6,0,0,6
1,RB,True,kmeans,PCA + Bayes,"PC1,PC2,PC3",0,0,-0.8779652503741389,1.0,1.0,1.0,1.0,1.0,1.0,1.0,6,0,0,6
1,RB,True,reference_test_swap,Bayes + análisis,"H,R,G",0,0,1.4988332664916957,1.0,1.0,1.0,1.0,1.0,1.0,1.0,6,0,0,6
1,RB,True,reference_test_swap,Bayes + SFS,"H,R",0,0,2.353210643212625,1.0,1.0,1.0,1.0,1.0,1.0,1.0,6,0,0,6
1,RB,True,reference_test_swap,PCA + Bayes,"PC1,PC2,PC3",0,1,-0.8779652503741389,1.0,0.9166666666666666,1.0,0.8333333333333334,0.9166666666666667,0.8571428571428571,0.923076923076923,5,1,0,6
1,RB,True,reference_fixed,Bayes + análisis,"H,R,G",0,0,-9.703424385906473,1.0,1.0,1.0,1.0,1.0,1.0,1.0,6,0,0,6
1,RB,True,reference_fixed,Bayes + SFS,"H,R",0,0,-5.114523268166597,1.0,1.0,1.0,1.0,1.0,1.0,1.0,6,0,0,6
1,RB,True,reference_fixed,PCA + Bayes,"PC1,PC2,PC3",0,0,-4.8671659728759895,1.0,1.0,1.0,1.0,1.0,1.0,1.0,6,0,0,6
1,RB,True,reference_redesign,Bayes + análisis,"a*,R,S",0,0,3.9561724964418588,1.0,1.0,1.0,1.0,1.0,1.0,1.0,6,0,0,6
1,RB,True,reference_redesign,Bayes + SFS,H,0,0,-6.826763889505001,1.0,1.0,1.0,1.0,1.0,1.0,1.0,6,0,0,6
1,RB,True,reference_redesign,PCA + Bayes,"PC1,PC2,PC3",0,0,-4.8671659728759895,1.0,1.0,1.0,1.0,1.0,1.0,1.0,6,0,0,6
1,RB,True,kmeans_linear_hue,Bayes + análisis,"a*,R,G",0,0,2.097130683582318,1.0,1.0,1.0,1.0,1.0,1.0,1.0,6,0,0,6
1,RB,True,kmeans_linear_hue,Bayes + SFS,"a*,R,S,H",0,0,2.1218980757647996,1.0,1.0,1.0,1.0,1.0,1.0,1.0,6,0,0,6
1,RB,True,kmeans_linear_hue,PCA + Bayes,"PC1,PC2,PC3,PC4",0,1,1.3889191486367887,1.0,0.9166666666666666,0.8333333333333334,1.0,0.9166666666666667,1.0,0.9090909090909091,6,0,1,5
2,RB,True,kmeans,Bayes + análisis,"H,G,R",0,0,4.0173283701835825,1.0,1.0,1.0,1.0,1.0,1.0,1.0,6,0,0,6
2,RB,True,kmeans,Bayes + SFS,"H,B,S",0,0,2.7530976238156053,1.0,1.0,1.0,1.0,1.0,1.0,1.0,6,0,0,6
2,RB,True,kmeans,PCA + Bayes,"PC1,PC2,PC3",0,0,1.1763372223571102,1.0,0.9166666666666666,0.8333333333333334,1.0,0.9166666666666667,1.0,0.9090909090909091,6,0,1,5
2,RB,True,reference_test_swap,Bayes + análisis,"H,G,R",0,0,4.0173283701835825,1.0,1.0,1.0,1.0,1.0,1.0,1.0,6,0,0,6
2,RB,True,reference_test_swap,Bayes + SFS,"H,B,S",0,0,2.7530976238156053,1.0,1.0,1.0,1.0,1.0,1.0,1.0,6,0,0,6
2,RB,True,reference_test_swap,PCA + Bayes,"PC1,PC2,PC3",1,0,1.1763372223571102,1.0,1.0,1.0,1.0,1.0,1.0,1.0,6,0,0,6
2,RB,True,reference_fixed,Bayes + análisis,"H,G,R",0,0,4.027476586158482,1.0,1.0,1.0,1.0,1.0,1.0,1.0,6,0,0,6
2,RB,True,reference_fixed,Bayes + SFS,"H,B,S",0,0,3.5942864622137325,1.0,1.0,1.0,1.0,1.0,1.0,1.0,6,0,0,6
2,RB,True,reference_fixed,PCA + Bayes,"PC1,PC2,PC3",1,0,-1.9749697807406807,1.0,1.0,1.0,1.0,1.0,1.0,1.0,6,0,0,6
2,RB,True,reference_redesign,Bayes + análisis,"a*,R,S",0,0,11.556703493926367,1.0,1.0,1.0,1.0,1.0,1.0,1.0,6,0,0,6
2,RB,True,reference_redesign,Bayes + SFS,H,0,0,3.6952435763878073,1.0,1.0,1.0,1.0,1.0,1.0,1.0,6,0,0,6
2,RB,True,reference_redesign,PCA + Bayes,"PC1,PC2,PC3",1,0,-1.9749697807406807,1.0,1.0,1.0,1.0,1.0,1.0,1.0,6,0,0,6
2,RB,True,kmeans_linear_hue,Bayes + análisis,"a*,R,S",0,1,8.653430469079106,1.0,0.9166666666666666,0.8333333333333334,1.0,0.9166666666666667,1.0,0.9090909090909091,6,0,1,5
2,RB,True,kmeans_linear_hue,Bayes + SFS,"a*,S,B",0,1,9.462215724032145,1.0,0.9166666666666666,0.8333333333333334,1.0,0.9166666666666667,1.0,0.9090909090909091,6,0,1,5
2,RB,True,kmeans_linear_hue,PCA + Bayes,"PC1,PC2,PC3,PC4",0,2,-0.38946935589210385,0.9444444444444445,0.75,0.8333333333333334,0.6666666666666666,0.75,0.7142857142857143,0.7692307692307692,4,2,1,5
3,RB,True,kmeans,Bayes + análisis,"H,G,R",0,0,12.654973624260064,1.0,0.9166666666666666,0.8333333333333334,1.0,0.9166666666666667,1.0,0.9090909090909091,6,0,1,5
3,RB,True,kmeans,Bayes + SFS,H,0,0,4.449197777110725,1.0,1.0,1.0,1.0,1.0,1.0,1.0,6,0,0,6
3,RB,True,kmeans,PCA + Bayes,"PC1,PC2,PC3",0,0,4.099956466906572,1.0,0.75,0.5,1.0,0.75,1.0,0.6666666666666666,6,0,3,3
3,RB,True,reference_test_swap,Bayes + análisis,"H,G,R",1,0,12.654973624260064,1.0,1.0,1.0,1.0,1.0,1.0,1.0,6,0,0,6
3,RB,True,reference_test_swap,Bayes + SFS,H,0,0,4.449197777110725,1.0,1.0,1.0,1.0,1.0,1.0,1.0,6,0,0,6
3,RB,True,reference_test_swap,PCA + Bayes,"PC1,PC2,PC3",3,0,4.099956466906572,1.0,1.0,1.0,1.0,1.0,1.0,1.0,6,0,0,6
3,RB,True,reference_fixed,Bayes + análisis,"H,G,R",1,0,8.821188599844621,1.0,1.0,1.0,1.0,1.0,1.0,1.0,6,0,0,6
3,RB,True,reference_fixed,Bayes + SFS,H,0,0,5.635705912444555,1.0,1.0,1.0,1.0,1.0,1.0,1.0,6,0,0,6
3,RB,True,reference_fixed,PCA + Bayes,"PC1,PC2,PC3",3,0,1.425404895185245,1.0,1.0,1.0,1.0,1.0,1.0,1.0,6,0,0,6
3,RB,True,reference_redesign,Bayes + análisis,"a*,R,S",1,0,24.899593552578878,1.0,1.0,1.0,1.0,1.0,1.0,1.0,6,0,0,6
3,RB,True,reference_redesign,Bayes + SFS,G,0,1,4.033604175171895,1.0,0.9166666666666666,0.8333333333333334,1.0,0.9166666666666667,1.0,0.9090909090909091,6,0,1,5
3,RB,True,reference_redesign,PCA + Bayes,"PC1,PC2,PC3",3,0,1.425404895185245,1.0,1.0,1.0,1.0,1.0,1.0,1.0,6,0,0,6
3,RB,True,kmeans_linear_hue,Bayes + análisis,"a*,R,H",0,2,26.152955388011762,1.0,0.75,0.5,1.0,0.75,1.0,0.6666666666666666,6,0,3,3
3,RB,True,kmeans_linear_hue,Bayes + SFS,a*,0,3,21.41188392276053,1.0,0.75,0.5,1.0,0.75,1.0,0.6666666666666666,6,0,3,3
3,RB,True,kmeans_linear_hue,PCA + Bayes,"PC1,PC2,PC3,PC4",1,0,2.0814931164578008,0.9444444444444444,0.8333333333333334,0.6666666666666666,1.0,0.8333333333333333,1.0,0.8,6,0,2,4
4,RB,True,kmeans,Bayes + análisis,"H,G,R",0,0,10.721278549596102,1.0,0.9166666666666666,0.8333333333333334,1.0,0.9166666666666667,1.0,0.9090909090909091,6,0,1,5
4,RB,True,kmeans,Bayes + SFS,"H,S",0,0,1.5066667291888507,1.0,1.0,1.0,1.0,1.0,1.0,1.0,6,0,0,6
4,RB,True,kmeans,PCA + Bayes,"PC1,PC2,PC3",0,0,1.6370124009703964,1.0,1.0,1.0,1.0,1.0,1.0,1.0,6,0,0,6
4,RB,True,reference_test_swap,Bayes + análisis,"H,G,R",1,0,10.721278549596102,1.0,1.0,1.0,1.0,1.0,1.0,1.0,6,0,0,6
4,RB,True,reference_test_swap,Bayes + SFS,"H,S",0,0,1.5066667291888507,1.0,1.0,1.0,1.0,1.0,1.0,1.0,6,0,0,6
4,RB,True,reference_test_swap,PCA + Bayes,"PC1,PC2,PC3",0,0,1.6370124009703964,1.0,1.0,1.0,1.0,1.0,1.0,1.0,6,0,0,6
4,RB,True,reference_fixed,Bayes + análisis,"H,G,R",1,0,5.708629946364415,1.0,1.0,1.0,1.0,1.0,1.0,1.0,6,0,0,6
4,RB,True,reference_fixed,Bayes + SFS,"H,S",0,0,6.078791581735272,1.0,1.0,1.0,1.0,1.0,1.0,1.0,6,0,0,6
4,RB,True,reference_fixed,PCA + Bayes,"PC1,PC2,PC3",0,0,1.0854716602543242,1.0,1.0,1.0,1.0,1.0,1.0,1.0,6,0,0,6
4,RB,True,reference_redesign,Bayes + análisis,"H,S,R",1,0,9.432780807276227,1.0,1.0,1.0,1.0,1.0,1.0,1.0,6,0,0,6
4,RB,True,reference_redesign,Bayes + SFS,H,0,0,7.0288981102321,1.0,1.0,1.0,1.0,1.0,1.0,1.0,6,0,0,6
4,RB,True,reference_redesign,PCA + Bayes,"PC1,PC2,PC3",0,0,1.0854716602543242,1.0,1.0,1.0,1.0,1.0,1.0,1.0,6,0,0,6
4,RB,True,kmeans_linear_hue,Bayes + análisis,"a*,R,S",1,0,13.1539213328875,1.0,1.0,1.0,1.0,1.0,1.0,1.0,6,0,0,6
4,RB,True,kmeans_linear_hue,Bayes + SFS,"a*,S,V,B,H",0,0,5.773271082359,1.0,1.0,1.0,1.0,1.0,1.0,1.0,6,0,0,6
4,RB,True,kmeans_linear_hue,PCA + Bayes,"PC1,PC2,PC3,PC4",0,1,0.2077636557651954,0.9444444444444444,0.9166666666666666,1.0,0.8333333333333334,0.9166666666666667,0.8571428571428571,0.923076923076923,5,1,0,6
5,RB,True,kmeans,Bayes + análisis,"a*,G,R",0,0,-0.2615523385986318,1.0,1.0,1.0,1.0,1.0,1.0,1.0,6,0,0,6
5,RB,True,kmeans,Bayes + SFS,H,0,0,-1.5830080315863357,1.0,1.0,1.0,1.0,1.0,1.0,1.0,6,0,0,6
5,RB,True,kmeans,PCA + Bayes,"PC1,PC2,PC3",0,0,-1.3909182084747211,1.0,1.0,1.0,1.0,1.0,1.0,1.0,6,0,0,6
5,RB,True,reference_test_swap,Bayes + análisis,"a*,G,R",0,0,-0.2615523385986318,1.0,1.0,1.0,1.0,1.0,1.0,1.0,6,0,0,6
5,RB,True,reference_test_swap,Bayes + SFS,H,0,0,-1.5830080315863357,1.0,1.0,1.0,1.0,1.0,1.0,1.0,6,0,0,6
5,RB,True,reference_test_swap,PCA + Bayes,"PC1,PC2,PC3",0,0,-1.3909182084747211,1.0,1.0,1.0,1.0,1.0,1.0,1.0,6,0,0,6
5,RB,True,reference_fixed,Bayes + análisis,"a*,G,R",0,0,-7.879883857544865,1.0,1.0,1.0,1.0,1.0,1.0,1.0,6,0,0,6
5,RB,True,reference_fixed,Bayes + SFS,H,0,0,-8.079510689538948,1.0,1.0,1.0,1.0,1.0,1.0,1.0,6,0,0,6
5,RB,True,reference_fixed,PCA + Bayes,"PC1,PC2,PC3",0,0,-3.588255721442988,1.0,1.0,1.0,1.0,1.0,1.0,1.0,6,0,0,6
5,RB,True,reference_redesign,Bayes + análisis,"a*,R,S",0,0,-2.0452751913604486,1.0,1.0,1.0,1.0,1.0,1.0,1.0,6,0,0,6
5,RB,True,reference_redesign,Bayes + SFS,G,0,1,3.164608701322816,1.0,0.9166666666666666,0.8333333333333334,1.0,0.9166666666666667,1.0,0.9090909090909091,6,0,1,5
5,RB,True,reference_redesign,PCA + Bayes,"PC1,PC2,PC3",0,0,-3.588255721442988,1.0,1.0,1.0,1.0,1.0,1.0,1.0,6,0,0,6
5,RB,True,kmeans_linear_hue,Bayes + análisis,"a*,G,R",0,0,-0.2615523385986318,1.0,1.0,1.0,1.0,1.0,1.0,1.0,6,0,0,6
5,RB,True,kmeans_linear_hue,Bayes + SFS,a*,0,0,0.04599571738377284,1.0,1.0,1.0,1.0,1.0,1.0,1.0,6,0,0,6
5,RB,True,kmeans_linear_hue,PCA + Bayes,"PC1,PC2,PC3,PC4",0,2,2.7798504605970225,0.9722222222222223,0.8333333333333334,0.8333333333333334,0.8333333333333334,0.8333333333333334,0.8333333333333334,0.8333333333333334,5,1,1,5
6,RB,True,kmeans,Bayes + análisis,"H,G,S",0,0,-2.3284653271956994,1.0,0.9166666666666666,1.0,0.8333333333333334,0.9166666666666667,0.8571428571428571,0.923076923076923,5,1,0,6
6,RB,True,kmeans,Bayes + SFS,"H,B",0,0,0.15437970288211478,1.0,1.0,1.0,1.0,1.0,1.0,1.0,6,0,0,6
6,RB,True,kmeans,PCA + Bayes,"PC1,PC2,PC3",0,0,-1.8201557400111046,1.0,0.75,1.0,0.5,0.75,0.6666666666666666,0.8,3,3,0,6
6,RB,True,reference_test_swap,Bayes + análisis,"H,G,S",1,0,-2.3284653271956994,1.0,1.0,1.0,1.0,1.0,1.0,1.0,6,0,0,6
6,RB,True,reference_test_swap,Bayes + SFS,"H,B",0,0,0.15437970288211478,1.0,1.0,1.0,1.0,1.0,1.0,1.0,6,0,0,6
6,RB,True,reference_test_swap,PCA + Bayes,"PC1,PC2,PC3",2,0,-1.8201557400111046,1.0,0.9166666666666666,1.0,0.8333333333333334,0.9166666666666667,0.8571428571428571,0.923076923076923,5,1,0,6
6,RB,True,reference_fixed,Bayes + análisis,"H,G,S",1,0,-5.890271059575961,1.0,1.0,1.0,1.0,1.0,1.0,1.0,6,0,0,6
6,RB,True,reference_fixed,Bayes + SFS,"H,B",0,0,-3.891430762298766,1.0,1.0,1.0,1.0,1.0,1.0,1.0,6,0,0,6
6,RB,True,reference_fixed,PCA + Bayes,"PC1,PC2,PC3",3,0,-4.686024687011915,1.0,1.0,1.0,1.0,1.0,1.0,1.0,6,0,0,6
6,RB,True,reference_redesign,Bayes + análisis,"a*,R,S",1,0,-2.9035220917870417,1.0,1.0,1.0,1.0,1.0,1.0,1.0,6,0,0,6
6,RB,True,reference_redesign,Bayes + SFS,G,0,2,-1.7491322521218233,1.0,0.8333333333333334,1.0,0.6666666666666666,0.8333333333333333,0.75,0.8571428571428571,4,2,0,6
6,RB,True,reference_redesign,PCA + Bayes,"PC1,PC2,PC3",3,0,-4.686024687011915,1.0,1.0,1.0,1.0,1.0,1.0,1.0,6,0,0,6
6,RB,True,kmeans_linear_hue,Bayes + análisis,"a*,S,H",1,0,0.29388890175727234,1.0,1.0,1.0,1.0,1.0,1.0,1.0,6,0,0,6
6,RB,True,kmeans_linear_hue,Bayes + SFS,"G,S,a*,B",0,4,-3.844039266500861,0.9166666666666667,0.6666666666666666,1.0,0.3333333333333333,0.6666666666666666,0.6,0.7499999999999999,2,4,0,6
6,RB,True,kmeans_linear_hue,PCA + Bayes,"PC1,PC2,PC3",2,0,-0.010768016526048196,0.9444444444444444,0.9166666666666666,1.0,0.8333333333333334,0.9166666666666667,0.8571428571428571,0.923076923076923,5,1,0,6
7,RB,True,kmeans,Bayes + análisis,"H,G,R",0,0,2.8293201798995895,1.0,1.0,1.0,1.0,1.0,1.0,1.0,6,0,0,6
7,RB,True,kmeans,Bayes + SFS,"H,S",0,0,1.0350973960365102,1.0,1.0,1.0,1.0,1.0,1.0,1.0,6,0,0,6
7,RB,True,kmeans,PCA + Bayes,"PC1,PC2,PC3",0,0,0.2555877256762922,1.0,1.0,1.0,1.0,1.0,1.0,1.0,6,0,0,6
7,RB,True,reference_test_swap,Bayes + análisis,"H,G,R",0,0,2.8293201798995895,1.0,1.0,1.0,1.0,1.0,1.0,1.0,6,0,0,6
7,RB,True,reference_test_swap,Bayes + SFS,"H,S",0,0,1.0350973960365102,1.0,1.0,1.0,1.0,1.0,1.0,1.0,6,0,0,6
7,RB,True,reference_test_swap,PCA + Bayes,"PC1,PC2,PC3",0,0,0.2555877256762922,1.0,1.0,1.0,1.0,1.0,1.0,1.0,6,0,0,6
7,RB,True,reference_fixed,Bayes + análisis,"H,G,R",0,0,-3.3240112613220774,1.0,1.0,1.0,1.0,1.0,1.0,1.0,6,0,0,6
7,RB,True,reference_fixed,Bayes + SFS,"H,S",0,0,-0.9903810075048325,1.0,1.0,1.0,1.0,1.0,1.0,1.0,6,0,0,6
7,RB,True,reference_fixed,PCA + Bayes,"PC1,PC2,PC3",0,0,-3.2676086539665414,1.0,1.0,1.0,1.0,1.0,1.0,1.0,6,0,0,6
7,RB,True,reference_redesign,Bayes + análisis,"a*,R,S",0,0,1.7687074821384225,1.0,1.0,1.0,1.0,1.0,1.0,1.0,6,0,0,6
7,RB,True,reference_redesign,Bayes + SFS,H,0,0,-0.9050276664936838,1.0,1.0,1.0,1.0,1.0,1.0,1.0,6,0,0,6
7,RB,True,reference_redesign,PCA + Bayes,"PC1,PC2,PC3",0,0,-3.2676086539665414,1.0,1.0,1.0,1.0,1.0,1.0,1.0,6,0,0,6
7,RB,True,kmeans_linear_hue,Bayes + análisis,"a*,R,H",0,0,9.56180055974324,1.0,1.0,1.0,1.0,1.0,1.0,1.0,6,0,0,6
7,RB,True,kmeans_linear_hue,Bayes + SFS,"a*,S,B,H",0,0,5.195390555801859,1.0,1.0,1.0,1.0,1.0,1.0,1.0,6,0,0,6
7,RB,True,kmeans_linear_hue,PCA + Bayes,"PC1,PC2,PC3,PC4",0,0,-0.13328944195155268,1.0,1.0,1.0,1.0,1.0,1.0,1.0,6,0,0,6
8,RB,True,kmeans,Bayes + análisis,"H,G,S",0,0,-0.7095017588350023,1.0,1.0,1.0,1.0,1.0,1.0,1.0,6,0,0,6
8,RB,True,kmeans,Bayes + SFS,"H,S,R,B",0,0,0.9401901615290438,1.0,0.9166666666666666,1.0,0.8333333333333334,0.9166666666666667,0.8571428571428571,0.923076923076923,5,1,0,6
8,RB,True,kmeans,PCA + Bayes,"PC1,PC2,PC3",0,0,-1.4493159640723379,1.0,0.9166666666666666,1.0,0.8333333333333334,0.9166666666666667,0.8571428571428571,0.923076923076923,5,1,0,6
8,RB,True,reference_test_swap,Bayes + análisis,"H,G,S",0,0,-0.7095017588350023,1.0,1.0,1.0,1.0,1.0,1.0,1.0,6,0,0,6
8,RB,True,reference_test_swap,Bayes + SFS,"H,S,R,B",1,0,0.9401901615290438,1.0,1.0,1.0,1.0,1.0,1.0,1.0,6,0,0,6
8,RB,True,reference_test_swap,PCA + Bayes,"PC1,PC2,PC3",0,0,-1.4493159640723379,1.0,0.9166666666666666,1.0,0.8333333333333334,0.9166666666666667,0.8571428571428571,0.923076923076923,5,1,0,6
8,RB,True,reference_fixed,Bayes + análisis,"H,G,S",0,0,5.376361262997818,1.0,1.0,1.0,1.0,1.0,1.0,1.0,6,0,0,6
8,RB,True,reference_fixed,Bayes + SFS,"H,S,R,B",1,0,3.5534752068924274,1.0,1.0,1.0,1.0,1.0,1.0,1.0,6,0,0,6
8,RB,True,reference_fixed,PCA + Bayes,"PC1,PC2,PC3",1,0,-4.54805770650135,1.0,1.0,1.0,1.0,1.0,1.0,1.0,6,0,0,6
8,RB,True,reference_redesign,Bayes + análisis,"a*,R,S",0,0,24.419199726973964,1.0,1.0,1.0,1.0,1.0,1.0,1.0,6,0,0,6
8,RB,True,reference_redesign,Bayes + SFS,H,1,0,2.284096023652994,1.0,1.0,1.0,1.0,1.0,1.0,1.0,6,0,0,6
8,RB,True,reference_redesign,PCA + Bayes,"PC1,PC2,PC3",1,0,-4.54805770650135,1.0,1.0,1.0,1.0,1.0,1.0,1.0,6,0,0,6
8,RB,True,kmeans_linear_hue,Bayes + análisis,"a*,H,S",0,0,2.576825749985572,1.0,1.0,1.0,1.0,1.0,1.0,1.0,6,0,0,6
8,RB,True,kmeans_linear_hue,Bayes + SFS,"a*,S,B,H,V,R",1,0,3.7568904778773344,1.0,1.0,1.0,1.0,1.0,1.0,1.0,6,0,0,6
8,RB,True,kmeans_linear_hue,PCA + Bayes,"PC1,PC2,PC3",0,1,-0.6234234703842834,0.9722222222222223,0.8333333333333334,0.8333333333333334,0.8333333333333334,0.8333333333333334,0.8333333333333334,0.8333333333333334,5,1,1,5
9,RB,True,kmeans,Bayes + análisis,"H,G,R",0,0,-0.34105503538581416,1.0,1.0,1.0,1.0,1.0,1.0,1.0,6,0,0,6
9,RB,True,kmeans,Bayes + SFS,"H,V,S,B,R,G",0,0,-1.8411198816254775,1.0,1.0,1.0,1.0,1.0,1.0,1.0,6,0,0,6
9,RB,True,kmeans,PCA + Bayes,"PC1,PC2,PC3",0,0,-1.200142429665687,1.0,1.0,1.0,1.0,1.0,1.0,1.0,6,0,0,6
9,RB,True,reference_test_swap,Bayes + análisis,"H,G,R",0,0,-0.34105503538581416,1.0,1.0,1.0,1.0,1.0,1.0,1.0,6,0,0,6
9,RB,True,reference_test_swap,Bayes + SFS,"H,V,S,B,R,G",0,0,-1.8411198816254775,1.0,1.0,1.0,1.0,1.0,1.0,1.0,6,0,0,6
9,RB,True,reference_test_swap,PCA + Bayes,"PC1,PC2,PC3",0,0,-1.200142429665687,1.0,1.0,1.0,1.0,1.0,1.0,1.0,6,0,0,6
9,RB,True,reference_fixed,Bayes + análisis,"H,G,R",0,0,-36.649363477230054,1.0,1.0,1.0,1.0,1.0,1.0,1.0,6,0,0,6
9,RB,True,reference_fixed,Bayes + SFS,"H,V,S,B,R,G",0,0,-33.50025184172036,1.0,1.0,1.0,1.0,1.0,1.0,1.0,6,0,0,6
9,RB,True,reference_fixed,PCA + Bayes,"PC1,PC2,PC3",0,0,-6.47160307719734,1.0,1.0,1.0,1.0,1.0,1.0,1.0,6,0,0,6
9,RB,True,reference_redesign,Bayes + análisis,"a*,S,R",0,0,-35.94262885248812,1.0,1.0,1.0,1.0,1.0,1.0,1.0,6,0,0,6
9,RB,True,reference_redesign,Bayes + SFS,G,0,1,-3.820579016129353,1.0,0.9166666666666666,1.0,0.8333333333333334,0.9166666666666667,0.8571428571428571,0.923076923076923,5,1,0,6
9,RB,True,reference_redesign,PCA + Bayes,"PC1,PC2,PC3",0,0,-6.47160307719734,1.0,1.0,1.0,1.0,1.0,1.0,1.0,6,0,0,6
9,RB,True,kmeans_linear_hue,Bayes + análisis,"a*,G,R",0,0,-0.30889580456999965,1.0,1.0,1.0,1.0,1.0,1.0,1.0,6,0,0,6
9,RB,True,kmeans_linear_hue,Bayes + SFS,"a*,S,R,V",0,0,8.834552195962733,1.0,1.0,1.0,1.0,1.0,1.0,1.0,6,0,0,6
9,RB,True,kmeans_linear_hue,PCA + Bayes,"PC1,PC2,PC3,PC4",0,1,0.48304292563462115,0.9722222222222223,0.9166666666666666,1.0,0.8333333333333334,0.9166666666666667,0.8571428571428571,0.923076923076923,5,1,0,6
10,RB,True,kmeans,Bayes + análisis,"H,G,R",0,0,-1.2834326187353415,1.0,1.0,1.0,1.0,1.0,1.0,1.0,6,0,0,6
10,RB,True,kmeans,Bayes + SFS,H,0,0,-1.8777736021661595,1.0,1.0,1.0,1.0,1.0,1.0,1.0,6,0,0,6
10,RB,True,kmeans,PCA + Bayes,"PC1,PC2,PC3",0,0,0.2677790009343579,1.0,1.0,1.0,1.0,1.0,1.0,1.0,6,0,0,6
10,RB,True,reference_test_swap,Bayes + análisis,"H,G,R",0,0,-1.2834326187353415,1.0,1.0,1.0,1.0,1.0,1.0,1.0,6,0,0,6
10,RB,True,reference_test_swap,Bayes + SFS,H,0,0,-1.8777736021661595,1.0,1.0,1.0,1.0,1.0,1.0,1.0,6,0,0,6
10,RB,True,reference_test_swap,PCA + Bayes,"PC1,PC2,PC3",0,0,0.2677790009343579,1.0,1.0,1.0,1.0,1.0,1.0,1.0,6,0,0,6
10,RB,True,reference_fixed,Bayes + análisis,"H,G,R",0,0,-12.370854280867103,1.0,1.0,1.0,1.0,1.0,1.0,1.0,6,0,0,6
10,RB,True,reference_fixed,Bayes + SFS,H,0,0,-9.234383987879227,1.0,1.0,1.0,1.0,1.0,1.0,1.0,6,0,0,6
10,RB,True,reference_fixed,PCA + Bayes,"PC1,PC2,PC3",0,0,-2.015323846183406,1.0,1.0,1.0,1.0,1.0,1.0,1.0,6,0,0,6
10,RB,True,reference_redesign,Bayes + análisis,"a*,S,R",0,0,-4.751914745067954,1.0,1.0,1.0,1.0,1.0,1.0,1.0,6,0,0,6
10,RB,True,reference_redesign,Bayes + SFS,H,0,0,-9.234383987879227,1.0,1.0,1.0,1.0,1.0,1.0,1.0,6,0,0,6
10,RB,True,reference_redesign,PCA + Bayes,"PC1,PC2,PC3",0,0,-2.015323846183406,1.0,1.0,1.0,1.0,1.0,1.0,1.0,6,0,0,6
10,RB,True,kmeans_linear_hue,Bayes + análisis,"a*,R,H",0,0,-3.9217448572236266,1.0,1.0,1.0,1.0,1.0,1.0,1.0,6,0,0,6
10,RB,True,kmeans_linear_hue,Bayes + SFS,a*,0,0,-1.3820848977654259,1.0,1.0,1.0,1.0,1.0,1.0,1.0,6,0,0,6
10,RB,True,kmeans_linear_hue,PCA + Bayes,"PC1,PC2,PC3,PC4",0,3,-2.2730319867115982,1.0,0.75,1.0,0.5,0.75,0.6666666666666666,0.8,3,3,0,6
11,RB,True,kmeans,Bayes + análisis,"H,G,R",0,0,6.925381440782528,1.0,1.0,1.0,1.0,1.0,1.0,1.0,6,0,0,6
11,RB,True,kmeans,Bayes + SFS,"H,S",0,0,3.4315415047744944,1.0,1.0,1.0,1.0,1.0,1.0,1.0,6,0,0,6
11,RB,True,kmeans,PCA + Bayes,"PC1,PC2,PC3",0,0,3.761031123801115,1.0,1.0,1.0,1.0,1.0,1.0,1.0,6,0,0,6
11,RB,True,reference_test_swap,Bayes + análisis,"H,G,R",0,0,6.925381440782528,1.0,1.0,1.0,1.0,1.0,1.0,1.0,6,0,0,6
11,RB,True,reference_test_swap,Bayes + SFS,"H,S",0,0,3.4315415047744944,1.0,1.0,1.0,1.0,1.0,1.0,1.0,6,0,0,6
11,RB,True,reference_test_swap,PCA + Bayes,"PC1,PC2,PC3",0,0,3.761031123801115,1.0,1.0,1.0,1.0,1.0,1.0,1.0,6,0,0,6
11,RB,True,reference_fixed,Bayes + análisis,"H,G,R",0,0,4.475964004537545,1.0,1.0,1.0,1.0,1.0,1.0,1.0,6,0,0,6
11,RB,True,reference_fixed,Bayes + SFS,"H,S",0,0,0.7761248327164427,1.0,1.0,1.0,1.0,1.0,1.0,1.0,6,0,0,6
11,RB,True,reference_fixed,PCA + Bayes,"PC1,PC2,PC3",0,0,-3.7975653761934574,1.0,1.0,1.0,1.0,1.0,1.0,1.0,6,0,0,6
11,RB,True,reference_redesign,Bayes + análisis,"a*,R,S",0,0,23.563131917991885,1.0,1.0,1.0,1.0,1.0,1.0,1.0,6,0,0,6
11,RB,True,reference_redesign,Bayes + SFS,G,0,2,5.094046257908412,1.0,0.8333333333333334,0.6666666666666666,1.0,0.8333333333333333,1.0,0.8,6,0,2,4
11,RB,True,reference_redesign,PCA + Bayes,"PC1,PC2,PC3",0,0,-3.7975653761934574,1.0,1.0,1.0,1.0,1.0,1.0,1.0,6,0,0,6
11,RB,True,kmeans_linear_hue,Bayes + análisis,"a*,R,H",0,0,18.131096599286245,1.0,1.0,1.0,1.0,1.0,1.0,1.0,6,0,0,6
11,RB,True,kmeans_linear_hue,Bayes + SFS,"a*,S,B,R",0,0,16.173998958585656,1.0,1.0,1.0,1.0,1.0,1.0,1.0,6,0,0,6
11,RB,True,kmeans_linear_hue,PCA + Bayes,"PC1,PC2,PC3,PC4",0,1,3.718969180694445,1.0,0.9166666666666666,0.8333333333333334,1.0,0.9166666666666667,1.0,0.9090909090909091,6,0,1,5
12,RB,True,kmeans,Bayes + análisis,"H,G,R",0,0,-1.6982796190982787,1.0,1.0,1.0,1.0,1.0,1.0,1.0,6,0,0,6
12,RB,True,kmeans,Bayes + SFS,"H,S",0,0,-0.5196042449412497,1.0,1.0,1.0,1.0,1.0,1.0,1.0,6,0,0,6
12,RB,True,kmeans,PCA + Bayes,"PC1,PC2,PC3",0,0,0.6721831253075501,1.0,1.0,1.0,1.0,1.0,1.0,1.0,6,0,0,6
12,RB,True,reference_test_swap,Bayes + análisis,"H,G,R",0,0,-1.6982796190982787,1.0,1.0,1.0,1.0,1.0,1.0,1.0,6,0,0,6
12,RB,True,reference_test_swap,Bayes + SFS,"H,S",0,0,-0.5196042449412497,1.0,1.0,1.0,1.0,1.0,1.0,1.0,6,0,0,6
12,RB,True,reference_test_swap,PCA + Bayes,"PC1,PC2,PC3",0,0,0.6721831253075501,1.0,1.0,1.0,1.0,1.0,1.0,1.0,6,0,0,6
12,RB,True,reference_fixed,Bayes + análisis,"H,G,R",0,0,-6.88166973427857,1.0,1.0,1.0,1.0,1.0,1.0,1.0,6,0,0,6
12,RB,True,reference_fixed,Bayes + SFS,"H,S",0,0,-3.8929695006565512,1.0,1.0,1.0,1.0,1.0,1.0,1.0,6,0,0,6
12,RB,True,reference_fixed,PCA + Bayes,"PC1,PC2,PC3",0,0,-2.1795939415667154,1.0,1.0,1.0,1.0,1.0,1.0,1.0,6,0,0,6
12,RB,True,reference_redesign,Bayes + análisis,"a*,S,R",0,0,1.707604063216924,1.0,1.0,1.0,1.0,1.0,1.0,1.0,6,0,0,6
12,RB,True,reference_redesign,Bayes + SFS,H,0,0,-5.30861732635359,1.0,1.0,1.0,1.0,1.0,1.0,1.0,6,0,0,6
12,RB,True,reference_redesign,PCA + Bayes,"PC1,PC2,PC3",0,0,-2.1795939415667154,1.0,1.0,1.0,1.0,1.0,1.0,1.0,6,0,0,6
12,RB,True,kmeans_linear_hue,Bayes + análisis,"a*,G,R",0,0,3.4426369169408817,1.0,1.0,1.0,1.0,1.0,1.0,1.0,6,0,0,6
12,RB,True,kmeans_linear_hue,Bayes + SFS,"a*,S,B,R",0,0,4.356364770255786,1.0,1.0,1.0,1.0,1.0,1.0,1.0,6,0,0,6
12,RB,True,kmeans_linear_hue,PCA + Bayes,"PC1,PC2,PC3,PC4",0,1,-0.3110104130439084,0.9444444444444444,0.9166666666666666,1.0,0.8333333333333334,0.9166666666666667,0.8571428571428571,0.923076923076923,5,1,0,6
13,RB,True,kmeans,Bayes + análisis,"H,G,R",0,0,-1.0333901780122563,1.0,1.0,1.0,1.0,1.0,1.0,1.0,6,0,0,6
13,RB,True,kmeans,Bayes + SFS,"H,S,V,R,B",0,0,-3.8900329741669752,1.0,1.0,1.0,1.0,1.0,1.0,1.0,6,0,0,6
13,RB,True,kmeans,PCA + Bayes,"PC1,PC2,PC3",0,0,-0.9071057544939367,1.0,1.0,1.0,1.0,1.0,1.0,1.0,6,0,0,6
13,RB,True,reference_test_swap,Bayes + análisis,"H,G,R",0,0,-1.0333901780122563,1.0,1.0,1.0,1.0,1.0,1.0,1.0,6,0,0,6
13,RB,True,reference_test_swap,Bayes + SFS,"H,S,V,R,B",0,0,-3.8900329741669752,1.0,1.0,1.0,1.0,1.0,1.0,1.0,6,0,0,6
13,RB,True,reference_test_swap,PCA + Bayes,"PC1,PC2,PC3",0,0,-0.9071057544939367,1.0,1.0,1.0,1.0,1.0,1.0,1.0,6,0,0,6
13,RB,True,reference_fixed,Bayes + análisis,"H,G,R",0,0,-40.10057138753043,1.0,1.0,1.0,1.0,1.0,1.0,1.0,6,0,0,6
13,RB,True,reference_fixed,Bayes + SFS,"H,S,V,R,B",0,0,-33.52475079598467,1.0,1.0,1.0,1.0,1.0,1.0,1.0,6,0,0,6
13,RB,True,reference_fixed,PCA + Bayes,"PC1,PC2,PC3",0,0,-8.602829512590311,1.0,1.0,1.0,1.0,1.0,1.0,1.0,6,0,0,6
13,RB,True,reference_redesign,Bayes + análisis,"a*,S,R",0,0,-41.56052140796466,1.0,1.0,1.0,1.0,1.0,1.0,1.0,6,0,0,6
13,RB,True,reference_redesign,Bayes + SFS,G,0,2,-5.212498545291359,1.0,0.8333333333333334,1.0,0.6666666666666666,0.8333333333333333,0.75,0.8571428571428571,4,2,0,6
13,RB,True,reference_redesign,PCA + Bayes,"PC1,PC2,PC3",0,0,-8.602829512590311,1.0,1.0,1.0,1.0,1.0,1.0,1.0,6,0,0,6
13,RB,True,kmeans_linear_hue,Bayes + análisis,"a*,H,R",0,0,-2.4858479933101947,1.0,1.0,1.0,1.0,1.0,1.0,1.0,6,0,0,6
13,RB,True,kmeans_linear_hue,Bayes + SFS,"a*,S,B,V,R,H",0,1,-4.733482265991051,1.0,0.9166666666666666,1.0,0.8333333333333334,0.9166666666666667,0.8571428571428571,0.923076923076923,5,1,0,6
13,RB,True,kmeans_linear_hue,PCA + Bayes,"PC1,PC2,PC3,PC4",0,0,-0.14187492167208848,1.0,1.0,1.0,1.0,1.0,1.0,1.0,6,0,0,6
14,RB,True,kmeans,Bayes + análisis,"a*,G,R",0,0,3.0389669369202226,1.0,1.0,1.0,1.0,1.0,1.0,1.0,6,0,0,6
14,RB,True,kmeans,Bayes + SFS,H,0,0,-1.8470064382716465,1.0,1.0,1.0,1.0,1.0,1.0,1.0,6,0,0,6
14,RB,True,kmeans,PCA + Bayes,"PC1,PC2,PC3",0,0,0.4449287899973302,1.0,1.0,1.0,1.0,1.0,1.0,1.0,6,0,0,6
14,RB,True,reference_test_swap,Bayes + análisis,"a*,G,R",0,0,3.0389669369202226,1.0,1.0,1.0,1.0,1.0,1.0,1.0,6,0,0,6
14,RB,True,reference_test_swap,Bayes + SFS,H,0,0,-1.8470064382716465,1.0,1.0,1.0,1.0,1.0,1.0,1.0,6,0,0,6
14,RB,True,reference_test_swap,PCA + Bayes,"PC1,PC2,PC3",0,0,0.4449287899973302,1.0,1.0,1.0,1.0,1.0,1.0,1.0,6,0,0,6
14,RB,True,reference_fixed,Bayes + análisis,"a*,G,R",0,0,29.18265461178371,1.0,1.0,1.0,1.0,1.0,1.0,1.0,6,0,0,6
14,RB,True,reference_fixed,Bayes + SFS,H,0,0,-5.453785162760912,1.0,1.0,1.0,1.0,1.0,1.0,1.0,6,0,0,6
14,RB,True,reference_fixed,PCA + Bayes,"PC1,PC2,PC3",0,0,-0.784926464626647,1.0,1.0,1.0,1.0,1.0,1.0,1.0,6,0,0,6
14,RB,True,reference_redesign,Bayes + análisis,"a*,R,S",0,0,25.902200490708225,1.0,1.0,1.0,1.0,1.0,1.0,1.0,6,0,0,6
14,RB,True,reference_redesign,Bayes + SFS,H,0,0,-5.453785162760912,1.0,1.0,1.0,1.0,1.0,1.0,1.0,6,0,0,6
14,RB,True,reference_redesign,PCA + Bayes,"PC1,PC2,PC3",0,0,-0.784926464626647,1.0,1.0,1.0,1.0,1.0,1.0,1.0,6,0,0,6
14,RB,True,kmeans_linear_hue,Bayes + análisis,"a*,G,R",0,0,3.0389669369202226,1.0,1.0,1.0,1.0,1.0,1.0,1.0,6,0,0,6
14,RB,True,kmeans_linear_hue,Bayes + SFS,a*,0,0,4.512604740442232,1.0,1.0,1.0,1.0,1.0,1.0,1.0,6,0,0,6
14,RB,True,kmeans_linear_hue,PCA + Bayes,"PC1,PC2,PC3,PC4",0,3,5.211623179773849,1.0,0.75,0.5,1.0,0.75,1.0,0.6666666666666666,6,0,3,3
15,RB,True,kmeans,Bayes + análisis,"H,G,R",0,0,3.665941195839345,1.0,1.0,1.0,1.0,1.0,1.0,1.0,6,0,0,6
15,RB,True,kmeans,Bayes + SFS,"H,R,B,S",0,0,1.6874911246183242,1.0,0.9166666666666666,1.0,0.8333333333333334,0.9166666666666667,0.8571428571428571,0.923076923076923,5,1,0,6
15,RB,True,kmeans,PCA + Bayes,"PC1,PC2,PC3",0,0,0.690205286412334,1.0,1.0,1.0,1.0,1.0,1.0,1.0,6,0,0,6
15,RB,True,reference_test_swap,Bayes + análisis,"H,G,R",0,0,3.665941195839345,1.0,1.0,1.0,1.0,1.0,1.0,1.0,6,0,0,6
15,RB,True,reference_test_swap,Bayes + SFS,"H,R,B,S",0,0,1.6874911246183242,1.0,0.9166666666666666,1.0,0.8333333333333334,0.9166666666666667,0.8571428571428571,0.923076923076923,5,1,0,6
15,RB,True,reference_test_swap,PCA + Bayes,"PC1,PC2,PC3",0,0,0.690205286412334,1.0,1.0,1.0,1.0,1.0,1.0,1.0,6,0,0,6
15,RB,True,reference_fixed,Bayes + análisis,"H,G,R",0,0,-13.797929907808326,1.0,1.0,1.0,1.0,1.0,1.0,1.0,6,0,0,6
15,RB,True,reference_fixed,Bayes + SFS,"H,R,B,S",1,0,-4.861591962306754,1.0,1.0,1.0,1.0,1.0,1.0,1.0,6,0,0,6
15,RB,True,reference_fixed,PCA + Bayes,"PC1,PC2,PC3",0,0,-1.6635614013456061,1.0,1.0,1.0,1.0,1.0,1.0,1.0,6,0,0,6
15,RB,True,reference_redesign,Bayes + análisis,"H,S,R",0,0,-6.760725280891305,1.0,1.0,1.0,1.0,1.0,1.0,1.0,6,0,0,6
15,RB,True,reference_redesign,Bayes + SFS,G,1,0,-2.384512941666189,1.0,1.0,1.0,1.0,1.0,1.0,1.0,6,0,0,6
15,RB,True,reference_redesign,PCA + Bayes,"PC1,PC2,PC3",0,0,-1.6635614013456061,1.0,1.0,1.0,1.0,1.0,1.0,1.0,6,0,0,6
15,RB,True,kmeans_linear_hue,Bayes + análisis,"a*,R,H",0,0,10.082573376816566,1.0,1.0,1.0,1.0,1.0,1.0,1.0,6,0,0,6
15,RB,True,kmeans_linear_hue,Bayes + SFS,"R,G,B,V",0,0,2.46763332234302,1.0,0.9166666666666666,1.0,0.8333333333333334,0.9166666666666667,0.8571428571428571,0.923076923076923,5,1,0,6
15,RB,True,kmeans_linear_hue,PCA + Bayes,"PC1,PC2,PC3",0,0,0.5633027805642392,1.0,1.0,1.0,1.0,1.0,1.0,1.0,6,0,0,6
16,RB,True,kmeans,Bayes + análisis,"a*,R,S",0,0,-3.839665555265724,1.0,1.0,1.0,1.0,1.0,1.0,1.0,6,0,0,6
16,RB,True,kmeans,Bayes + SFS,"H,B,V,R",0,0,-0.25916541900166656,1.0,0.9166666666666666,0.8333333333333334,1.0,0.9166666666666667,1.0,0.9090909090909091,6,0,1,5
16,RB,True,kmeans,PCA + Bayes,"PC1,PC2,PC3",0,0,-1.8731436598384903,1.0,1.0,1.0,1.0,1.0,1.0,1.0,6,0,0,6
16,RB,True,reference_test_swap,Bayes + análisis,"a*,R,S",0,1,-3.839665555265724,1.0,0.9166666666666666,1.0,0.8333333333333334,0.9166666666666667,0.8571428571428571,0.923076923076923,5,1,0,6
16,RB,True,reference_test_swap,Bayes + SFS,"H,B,V,R",1,0,-0.25916541900166656,1.0,1.0,1.0,1.0,1.0,1.0,1.0,6,0,0,6
16,RB,True,reference_test_swap,PCA + Bayes,"PC1,PC2,PC3",0,1,-1.8731436598384903,1.0,0.9166666666666666,1.0,0.8333333333333334,0.9166666666666667,0.8571428571428571,0.923076923076923,5,1,0,6
16,RB,True,reference_fixed,Bayes + análisis,"a*,R,S",0,0,-5.124249761523666,1.0,1.0,1.0,1.0,1.0,1.0,1.0,6,0,0,6
16,RB,True,reference_fixed,Bayes + SFS,"H,B,V,R",1,0,-10.879193787973776,1.0,1.0,1.0,1.0,1.0,1.0,1.0,6,0,0,6
16,RB,True,reference_fixed,PCA + Bayes,"PC1,PC2,PC3",0,0,-1.763499276471698,1.0,1.0,1.0,1.0,1.0,1.0,1.0,6,0,0,6
16,RB,True,reference_redesign,Bayes + análisis,"a*,R,S",0,0,-5.124249761523666,1.0,1.0,1.0,1.0,1.0,1.0,1.0,6,0,0,6
16,RB,True,reference_redesign,Bayes + SFS,H,1,0,-10.091495612973826,1.0,1.0,1.0,1.0,1.0,1.0,1.0,6,0,0,6
16,RB,True,reference_redesign,PCA + Bayes,"PC1,PC2,PC3",0,0,-1.763499276471698,1.0,1.0,1.0,1.0,1.0,1.0,1.0,6,0,0,6
16,RB,True,kmeans_linear_hue,Bayes + análisis,"a*,R,H",0,0,1.9036588204118274,1.0,1.0,1.0,1.0,1.0,1.0,1.0,6,0,0,6
16,RB,True,kmeans_linear_hue,Bayes + SFS,"a*,S,V,B",1,0,-2.902233893258477,1.0,1.0,1.0,1.0,1.0,1.0,1.0,6,0,0,6
16,RB,True,kmeans_linear_hue,PCA + Bayes,"PC1,PC2,PC3,PC4",0,0,-0.24752868860019328,1.0,1.0,1.0,1.0,1.0,1.0,1.0,6,0,0,6
17,RB,True,kmeans,Bayes + análisis,"H,G,R",0,0,0.19075563827179565,1.0,1.0,1.0,1.0,1.0,1.0,1.0,6,0,0,6
17,RB,True,kmeans,Bayes + SFS,"H,G,B,R,S",0,0,-1.5283007518359852,1.0,1.0,1.0,1.0,1.0,1.0,1.0,6,0,0,6
17,RB,True,kmeans,PCA + Bayes,"PC1,PC2,PC3",0,0,-0.847179785596754,1.0,1.0,1.0,1.0,1.0,1.0,1.0,6,0,0,6
17,RB,True,reference_test_swap,Bayes + análisis,"H,G,R",0,0,0.19075563827179565,1.0,1.0,1.0,1.0,1.0,1.0,1.0,6,0,0,6
17,RB,True,reference_test_swap,Bayes + SFS,"H,G,B,R,S",0,0,-1.5283007518359852,1.0,1.0,1.0,1.0,1.0,1.0,1.0,6,0,0,6
17,RB,True,reference_test_swap,PCA + Bayes,"PC1,PC2,PC3",0,0,-0.847179785596754,1.0,1.0,1.0,1.0,1.0,1.0,1.0,6,0,0,6
17,RB,True,reference_fixed,Bayes + análisis,"H,G,R",0,0,-5.834604354971296,1.0,1.0,1.0,1.0,1.0,1.0,1.0,6,0,0,6
17,RB,True,reference_fixed,Bayes + SFS,"H,G,B,R,S",0,0,-5.974134756949519,1.0,1.0,1.0,1.0,1.0,1.0,1.0,6,0,0,6
17,RB,True,reference_fixed,PCA + Bayes,"PC1,PC2,PC3",0,0,-3.796713575527843,1.0,1.0,1.0,1.0,1.0,1.0,1.0,6,0,0,6
17,RB,True,reference_redesign,Bayes + análisis,"a*,R,S",0,0,3.2188108623006704,1.0,1.0,1.0,1.0,1.0,1.0,1.0,6,0,0,6
17,RB,True,reference_redesign,Bayes + SFS,H,0,0,-3.2380034837866476,1.0,1.0,1.0,1.0,1.0,1.0,1.0,6,0,0,6
17,RB,True,reference_redesign,PCA + Bayes,"PC1,PC2,PC3",0,0,-3.796713575527843,1.0,1.0,1.0,1.0,1.0,1.0,1.0,6,0,0,6
17,RB,True,kmeans_linear_hue,Bayes + análisis,"a*,R,S",0,0,3.977172260025392,1.0,1.0,1.0,1.0,1.0,1.0,1.0,6,0,0,6
17,RB,True,kmeans_linear_hue,Bayes + SFS,"a*,S,B",0,0,1.7757186612843405,1.0,1.0,1.0,1.0,1.0,1.0,1.0,6,0,0,6
17,RB,True,kmeans_linear_hue,PCA + Bayes,"PC1,PC2,PC3,PC4",0,0,0.8944020416163694,1.0,1.0,1.0,1.0,1.0,1.0,1.0,6,0,0,6
18,RB,True,kmeans,Bayes + análisis,"a*,S,R",0,0,2.5867426797306594,1.0,1.0,1.0,1.0,1.0,1.0,1.0,6,0,0,6
18,RB,True,kmeans,Bayes + SFS,"H,S",0,0,0.21313007549426422,1.0,1.0,1.0,1.0,1.0,1.0,1.0,6,0,0,6
18,RB,True,kmeans,PCA + Bayes,"PC1,PC2,PC3",0,0,-1.5503739516306538,0.9722222222222223,0.9166666666666666,0.8333333333333334,1.0,0.9166666666666667,1.0,0.9090909090909091,6,0,1,5
18,RB,True,reference_test_swap,Bayes + análisis,"a*,S,R",0,0,2.5867426797306594,1.0,1.0,1.0,1.0,1.0,1.0,1.0,6,0,0,6
18,RB,True,reference_test_swap,Bayes + SFS,"H,S",0,0,0.21313007549426422,1.0,1.0,1.0,1.0,1.0,1.0,1.0,6,0,0,6
18,RB,True,reference_test_swap,PCA + Bayes,"PC1,PC2,PC3",1,0,-1.5503739516306538,1.0,1.0,1.0,1.0,1.0,1.0,1.0,6,0,0,6
18,RB,True,reference_fixed,Bayes + análisis,"a*,S,R",0,0,2.1314224843280494,1.0,1.0,1.0,1.0,1.0,1.0,1.0,6,0,0,6
18,RB,True,reference_fixed,Bayes + SFS,"H,S",0,0,-3.802207722484179,1.0,1.0,1.0,1.0,1.0,1.0,1.0,6,0,0,6
18,RB,True,reference_fixed,PCA + Bayes,"PC1,PC2,PC3",1,0,-2.867467663481957,1.0,1.0,1.0,1.0,1.0,1.0,1.0,6,0,0,6
18,RB,True,reference_redesign,Bayes + análisis,"a*,R,S",0,0,2.131422484328051,1.0,1.0,1.0,1.0,1.0,1.0,1.0,6,0,0,6
18,RB,True,reference_redesign,Bayes + SFS,H,0,0,-3.3964745905807088,1.0,1.0,1.0,1.0,1.0,1.0,1.0,6,0,0,6
18,RB,True,reference_redesign,PCA + Bayes,"PC1,PC2,PC3",1,0,-2.867467663481957,1.0,1.0,1.0,1.0,1.0,1.0,1.0,6,0,0,6
18,RB,True,kmeans_linear_hue,Bayes + análisis,"a*,H,S",0,0,0.4994470093434282,1.0,1.0,1.0,1.0,1.0,1.0,1.0,6,0,0,6
18,RB,True,kmeans_linear_hue,Bayes + SFS,"a*,S",0,0,1.3689550827724832,1.0,1.0,1.0,1.0,1.0,1.0,1.0,6,0,0,6
18,RB,True,kmeans_linear_hue,PCA + Bayes,"PC1,PC2,PC3,PC4",0,0,-1.564787508659375,0.9722222222222223,0.9166666666666666,0.8333333333333334,1.0,0.9166666666666667,1.0,0.9090909090909091,6,0,1,5
19,RB,True,kmeans,Bayes + análisis,"H,G,R",0,0,-0.17130431488573716,1.0,1.0,1.0,1.0,1.0,1.0,1.0,6,0,0,6
19,RB,True,kmeans,Bayes + SFS,"H,S,R",0,0,0.41850219616215956,1.0,1.0,1.0,1.0,1.0,1.0,1.0,6,0,0,6
19,RB,True,kmeans,PCA + Bayes,"PC1,PC2,PC3",0,0,0.42029260754647746,1.0,0.9166666666666666,0.8333333333333334,1.0,0.9166666666666667,1.0,0.9090909090909091,6,0,1,5
19,RB,True,reference_test_swap,Bayes + análisis,"H,G,R",0,0,-0.17130431488573716,1.0,1.0,1.0,1.0,1.0,1.0,1.0,6,0,0,6
19,RB,True,reference_test_swap,Bayes + SFS,"H,S,R",0,0,0.41850219616215956,1.0,1.0,1.0,1.0,1.0,1.0,1.0,6,0,0,6
19,RB,True,reference_test_swap,PCA + Bayes,"PC1,PC2,PC3",1,0,0.42029260754647746,1.0,1.0,1.0,1.0,1.0,1.0,1.0,6,0,0,6
19,RB,True,reference_fixed,Bayes + análisis,"H,G,R",0,0,-11.891939824373747,1.0,1.0,1.0,1.0,1.0,1.0,1.0,6,0,0,6
19,RB,True,reference_fixed,Bayes + SFS,"H,S,R",0,0,-8.07351768121506,1.0,1.0,1.0,1.0,1.0,1.0,1.0,6,0,0,6
19,RB,True,reference_fixed,PCA + Bayes,"PC1,PC2,PC3",1,0,-5.9464853522200585,1.0,1.0,1.0,1.0,1.0,1.0,1.0,6,0,0,6
19,RB,True,reference_redesign,Bayes + análisis,"a*,S,R",0,0,-3.0235524008239043,1.0,1.0,1.0,1.0,1.0,1.0,1.0,6,0,0,6
19,RB,True,reference_redesign,Bayes + SFS,H,0,0,-8.09750450724471,1.0,1.0,1.0,1.0,1.0,1.0,1.0,6,0,0,6
19,RB,True,reference_redesign,PCA + Bayes,"PC1,PC2,PC3",1,0,-5.9464853522200585,1.0,1.0,1.0,1.0,1.0,1.0,1.0,6,0,0,6
19,RB,True,kmeans_linear_hue,Bayes + análisis,"a*,R,H",0,0,6.943896965971008,1.0,1.0,1.0,1.0,1.0,1.0,1.0,6,0,0,6
19,RB,True,kmeans_linear_hue,Bayes + SFS,"a*,S,B",0,0,5.532881859831345,1.0,1.0,1.0,1.0,1.0,1.0,1.0,6,0,0,6
19,RB,True,kmeans_linear_hue,PCA + Bayes,"PC1,PC2,PC3,PC4",0,1,1.1498292821057774,1.0,0.8333333333333334,0.6666666666666666,1.0,0.8333333333333333,1.0,0.8,6,0,2,4
20,RB,True,kmeans,Bayes + análisis,"a*,G,R",0,0,-1.2733213815647533,0.888888888888889,0.9166666666666666,0.8333333333333334,1.0,0.9166666666666667,1.0,0.9090909090909091,6,0,1,5
20,RB,True,kmeans,Bayes + SFS,H,0,0,-8.656800647760313,0.9444444444444445,0.9166666666666666,0.8333333333333334,1.0,0.9166666666666667,1.0,0.9090909090909091,6,0,1,5
20,RB,True,kmeans,PCA + Bayes,"PC1,PC2,PC3",0,0,-0.6512136738983387,0.8611111111111112,0.9166666666666666,0.8333333333333334,1.0,0.9166666666666667,1.0,0.9090909090909091,6,0,1,5
20,RB,True,reference_test_swap,Bayes + análisis,"a*,G,R",1,0,-1.2733213815647533,1.0,1.0,1.0,1.0,1.0,1.0,1.0,6,0,0,6
20,RB,True,reference_test_swap,Bayes + SFS,H,1,0,-8.656800647760313,1.0,1.0,1.0,1.0,1.0,1.0,1.0,6,0,0,6
20,RB,True,reference_test_swap,PCA + Bayes,"PC1,PC2,PC3",1,0,-0.6512136738983387,1.0,1.0,1.0,1.0,1.0,1.0,1.0,6,0,0,6
20,RB,True,reference_fixed,Bayes + análisis,"a*,G,R",1,0,-5.958071777823475,1.0,1.0,1.0,1.0,1.0,1.0,1.0,6,0,0,6
20,RB,True,reference_fixed,Bayes + SFS,H,1,0,-17.423871900175648,1.0,1.0,1.0,1.0,1.0,1.0,1.0,6,0,0,6
20,RB,True,reference_fixed,PCA + Bayes,"PC1,PC2,PC3",1,0,-3.267566451283993,1.0,1.0,1.0,1.0,1.0,1.0,1.0,6,0,0,6
20,RB,True,reference_redesign,Bayes + análisis,"a*,S,R",1,0,-4.776405711336569,1.0,1.0,1.0,1.0,1.0,1.0,1.0,6,0,0,6
20,RB,True,reference_redesign,Bayes + SFS,H,1,0,-17.423871900175648,1.0,1.0,1.0,1.0,1.0,1.0,1.0,6,0,0,6
20,RB,True,reference_redesign,PCA + Bayes,"PC1,PC2,PC3",1,0,-3.267566451283993,1.0,1.0,1.0,1.0,1.0,1.0,1.0,6,0,0,6
20,RB,True,kmeans_linear_hue,Bayes + análisis,"a*,G,R",0,0,-1.2733213815647533,0.888888888888889,0.9166666666666666,0.8333333333333334,1.0,0.9166666666666667,1.0,0.9090909090909091,6,0,1,5
20,RB,True,kmeans_linear_hue,Bayes + SFS,a*,0,0,0.4993872995173252,0.888888888888889,0.9166666666666666,0.8333333333333334,1.0,0.9166666666666667,1.0,0.9090909090909091,6,0,1,5
20,RB,True,kmeans_linear_hue,PCA + Bayes,"PC1,PC2,PC3",0,0,1.1636159795017509,0.8611111111111112,0.9166666666666666,0.8333333333333334,1.0,0.9166666666666667,1.0,0.9090909090909091,6,0,1,5
21,RB,True,kmeans,Bayes + análisis,"a*,R,S",0,0,-7.479498120953271,1.0,0.9166666666666666,1.0,0.8333333333333334,0.9166666666666667,0.8571428571428571,0.923076923076923,5,1,0,6
21,RB,True,kmeans,Bayes + SFS,H,0,0,-5.530231020779226,1.0,1.0,1.0,1.0,1.0,1.0,1.0,6,0,0,6
21,RB,True,kmeans,PCA + Bayes,"PC1,PC2,PC3",0,0,-1.96283065719929,1.0,1.0,1.0,1.0,1.0,1.0,1.0,6,0,0,6
21,RB,True,reference_test_swap,Bayes + análisis,"a*,R,S",1,0,-7.479498120953271,1.0,1.0,1.0,1.0,1.0,1.0,1.0,6,0,0,6
21,RB,True,reference_test_swap,Bayes + SFS,H,0,0,-5.530231020779226,1.0,1.0,1.0,1.0,1.0,1.0,1.0,6,0,0,6
21,RB,True,reference_test_swap,PCA + Bayes,"PC1,PC2,PC3",0,1,-1.96283065719929,1.0,0.9166666666666666,1.0,0.8333333333333334,0.9166666666666667,0.8571428571428571,0.923076923076923,5,1,0,6
21,RB,True,reference_fixed,Bayes + análisis,"a*,R,S",1,0,-20.872070188864946,1.0,1.0,1.0,1.0,1.0,1.0,1.0,6,0,0,6
21,RB,True,reference_fixed,Bayes + SFS,H,0,0,-27.269608967682775,1.0,1.0,1.0,1.0,1.0,1.0,1.0,6,0,0,6
21,RB,True,reference_fixed,PCA + Bayes,"PC1,PC2,PC3",0,0,-12.004473338533337,1.0,1.0,1.0,1.0,1.0,1.0,1.0,6,0,0,6
21,RB,True,reference_redesign,Bayes + análisis,"a*,R,S",1,0,-20.872070188864946,1.0,1.0,1.0,1.0,1.0,1.0,1.0,6,0,0,6
21,RB,True,reference_redesign,Bayes + SFS,G,0,1,2.697739039438974,1.0,0.9166666666666666,0.8333333333333334,1.0,0.9166666666666667,1.0,0.9090909090909091,6,0,1,5
21,RB,True,reference_redesign,PCA + Bayes,"PC1,PC2,PC3",0,0,-12.004473338533337,1.0,1.0,1.0,1.0,1.0,1.0,1.0,6,0,0,6
21,RB,True,kmeans_linear_hue,Bayes + análisis,"a*,R,H",0,0,-8.044007973490498,1.0,0.9166666666666666,1.0,0.8333333333333334,0.9166666666666667,0.8571428571428571,0.923076923076923,5,1,0,6
21,RB,True,kmeans_linear_hue,Bayes + SFS,a*,0,0,-2.32856966989486,1.0,1.0,1.0,1.0,1.0,1.0,1.0,6,0,0,6
21,RB,True,kmeans_linear_hue,PCA + Bayes,"PC1,PC2,PC3,PC4",0,2,1.5212250450241398,1.0,0.8333333333333334,0.6666666666666666,1.0,0.8333333333333333,1.0,0.8,6,0,2,4
22,RB,True,kmeans,Bayes + análisis,"a*,R,S",0,0,-4.634844862384554,0.888888888888889,0.9166666666666666,0.8333333333333334,1.0,0.9166666666666667,1.0,0.9090909090909091,6,0,1,5
22,RB,True,kmeans,Bayes + SFS,H,0,0,-5.091193898997311,0.9444444444444445,0.9166666666666666,0.8333333333333334,1.0,0.9166666666666667,1.0,0.9090909090909091,6,0,1,5
22,RB,True,kmeans,PCA + Bayes,"PC1,PC2,PC3",0,0,-1.3367597568012575,0.9444444444444445,0.9166666666666666,0.8333333333333334,1.0,0.9166666666666667,1.0,0.9090909090909091,6,0,1,5
22,RB,True,reference_test_swap,Bayes + análisis,"a*,R,S",1,0,-4.634844862384554,1.0,1.0,1.0,1.0,1.0,1.0,1.0,6,0,0,6
22,RB,True,reference_test_swap,Bayes + SFS,H,1,0,-5.091193898997311,1.0,1.0,1.0,1.0,1.0,1.0,1.0,6,0,0,6
22,RB,True,reference_test_swap,PCA + Bayes,"PC1,PC2,PC3",1,0,-1.3367597568012575,1.0,1.0,1.0,1.0,1.0,1.0,1.0,6,0,0,6
22,RB,True,reference_fixed,Bayes + análisis,"a*,R,S",1,0,-3.0692842361832327,1.0,1.0,1.0,1.0,1.0,1.0,1.0,6,0,0,6
22,RB,True,reference_fixed,Bayes + SFS,H,1,0,-8.246702555205427,1.0,1.0,1.0,1.0,1.0,1.0,1.0,6,0,0,6
22,RB,True,reference_fixed,PCA + Bayes,"PC1,PC2,PC3",1,0,-0.9770443356464442,1.0,1.0,1.0,1.0,1.0,1.0,1.0,6,0,0,6
22,RB,True,reference_redesign,Bayes + análisis,"a*,R,S",1,0,-3.0692842361832327,1.0,1.0,1.0,1.0,1.0,1.0,1.0,6,0,0,6
22,RB,True,reference_redesign,Bayes + SFS,H,1,0,-8.246702555205427,1.0,1.0,1.0,1.0,1.0,1.0,1.0,6,0,0,6
22,RB,True,reference_redesign,PCA + Bayes,"PC1,PC2,PC3",1,0,-0.9770443356464442,1.0,1.0,1.0,1.0,1.0,1.0,1.0,6,0,0,6
22,RB,True,kmeans_linear_hue,Bayes + análisis,"a*,R,H",0,0,-5.29879918497115,0.888888888888889,0.9166666666666666,0.8333333333333334,1.0,0.9166666666666667,1.0,0.9090909090909091,6,0,1,5
22,RB,True,kmeans_linear_hue,Bayes + SFS,a*,0,0,-1.0085940908336535,0.8611111111111112,0.9166666666666666,0.8333333333333334,1.0,0.9166666666666667,1.0,0.9090909090909091,6,0,1,5
22,RB,True,kmeans_linear_hue,PCA + Bayes,"PC1,PC2,PC3,PC4",0,1,-0.13173453500574261,0.8333333333333334,0.8333333333333334,0.6666666666666666,1.0,0.8333333333333333,1.0,0.8,6,0,2,4
23,RB,True,kmeans,Bayes + análisis,"H,G,R",0,0,-7.435462017825769,1.0,0.9166666666666666,0.8333333333333334,1.0,0.9166666666666667,1.0,0.9090909090909091,6,0,1,5
23,RB,True,kmeans,Bayes + SFS,H,0,0,-6.243759164651259,1.0,0.9166666666666666,0.8333333333333334,1.0,0.9166666666666667,1.0,0.9090909090909091,6,0,1,5
23,RB,True,kmeans,PCA + Bayes,"PC1,PC2,PC3",0,0,-0.11753421430405764,0.888888888888889,0.9166666666666666,0.8333333333333334,1.0,0.9166666666666667,1.0,0.9090909090909091,6,0,1,5
23,RB,True,reference_test_swap,Bayes + análisis,"H,G,R",1,0,-7.435462017825769,1.0,1.0,1.0,1.0,1.0,1.0,1.0,6,0,0,6
23,RB,True,reference_test_swap,Bayes + SFS,H,1,0,-6.243759164651259,1.0,1.0,1.0,1.0,1.0,1.0,1.0,6,0,0,6
23,RB,True,reference_test_swap,PCA + Bayes,"PC1,PC2,PC3",1,0,-0.11753421430405764,1.0,1.0,1.0,1.0,1.0,1.0,1.0,6,0,0,6
23,RB,True,reference_fixed,Bayes + análisis,"H,G,R",1,0,2.3255416278210355,1.0,1.0,1.0,1.0,1.0,1.0,1.0,6,0,0,6
23,RB,True,reference_fixed,Bayes + SFS,H,1,0,0.09249073986127421,1.0,1.0,1.0,1.0,1.0,1.0,1.0,6,0,0,6
23,RB,True,reference_fixed,PCA + Bayes,"PC1,PC2,PC3",1,0,-1.286220834570023,1.0,1.0,1.0,1.0,1.0,1.0,1.0,6,0,0,6
23,RB,True,reference_redesign,Bayes + análisis,"a*,R,S",1,0,30.744695458355572,1.0,1.0,1.0,1.0,1.0,1.0,1.0,6,0,0,6
23,RB,True,reference_redesign,Bayes + SFS,H,1,0,0.09249073986127421,1.0,1.0,1.0,1.0,1.0,1.0,1.0,6,0,0,6
23,RB,True,reference_redesign,PCA + Bayes,"PC1,PC2,PC3",1,0,-1.286220834570023,1.0,1.0,1.0,1.0,1.0,1.0,1.0,6,0,0,6
23,RB,True,kmeans_linear_hue,Bayes + análisis,"a*,R,H",0,0,4.0767118111504566,0.9166666666666667,0.9166666666666666,0.8333333333333334,1.0,0.9166666666666667,1.0,0.9090909090909091,6,0,1,5
23,RB,True,kmeans_linear_hue,Bayes + SFS,a*,0,0,1.5158594712660536,0.888888888888889,0.9166666666666666,0.8333333333333334,1.0,0.9166666666666667,1.0,0.9090909090909091,6,0,1,5
23,RB,True,kmeans_linear_hue,PCA + Bayes,"PC1,PC2,PC3,PC4",0,1,0.07882449935686386,0.8611111111111112,0.8333333333333334,0.6666666666666666,1.0,0.8333333333333333,1.0,0.8,6,0,2,4
24,RB,True,kmeans,Bayes + análisis,"a*,R,G",0,0,-2.0994213984074968,1.0,1.0,1.0,1.0,1.0,1.0,1.0,6,0,0,6
24,RB,True,kmeans,Bayes + SFS,"H,V",0,0,-3.359925871759525,1.0,1.0,1.0,1.0,1.0,1.0,1.0,6,0,0,6
24,RB,True,kmeans,PCA + Bayes,"PC1,PC2,PC3",0,0,-1.1463386469608432,1.0,1.0,1.0,1.0,1.0,1.0,1.0,6,0,0,6
24,RB,True,reference_test_swap,Bayes + análisis,"a*,R,G",0,0,-2.0994213984074968,1.0,1.0,1.0,1.0,1.0,1.0,1.0,6,0,0,6
24,RB,True,reference_test_swap,Bayes + SFS,"H,V",0,0,-3.359925871759525,1.0,1.0,1.0,1.0,1.0,1.0,1.0,6,0,0,6
24,RB,True,reference_test_swap,PCA + Bayes,"PC1,PC2,PC3",0,0,-1.1463386469608432,1.0,1.0,1.0,1.0,1.0,1.0,1.0,6,0,0,6
24,RB,True,reference_fixed,Bayes + análisis,"a*,R,G",0,0,-5.5924763691693595,1.0,1.0,1.0,1.0,1.0,1.0,1.0,6,0,0,6
24,RB,True,reference_fixed,Bayes + SFS,"H,V",0,0,-9.50126376376265,1.0,1.0,1.0,1.0,1.0,1.0,1.0,6,0,0,6
24,RB,True,reference_fixed,PCA + Bayes,"PC1,PC2,PC3",0,0,-2.6818960470726663,1.0,1.0,1.0,1.0,1.0,1.0,1.0,6,0,0,6
24,RB,True,reference_redesign,Bayes + análisis,"a*,R,S",0,0,-1.8889308157560407,1.0,1.0,1.0,1.0,1.0,1.0,1.0,6,0,0,6
24,RB,True,reference_redesign,Bayes + SFS,G,0,1,-2.103516250197772,1.0,0.9166666666666666,1.0,0.8333333333333334,0.9166666666666667,0.8571428571428571,0.923076923076923,5,1,0,6
24,RB,True,reference_redesign,PCA + Bayes,"PC1,PC2,PC3",0,0,-2.6818960470726663,1.0,1.0,1.0,1.0,1.0,1.0,1.0,6,0,0,6
24,RB,True,kmeans_linear_hue,Bayes + análisis,"a*,R,G",0,0,-2.0994213984074968,1.0,1.0,1.0,1.0,1.0,1.0,1.0,6,0,0,6
24,RB,True,kmeans_linear_hue,Bayes + SFS,"a*,S,R,B,H",0,0,-3.7436471774624085,1.0,1.0,1.0,1.0,1.0,1.0,1.0,6,0,0,6
24,RB,True,kmeans_linear_hue,PCA + Bayes,"PC1,PC2,PC3,PC4",0,1,1.8198564314215355,0.9722222222222223,0.9166666666666666,0.8333333333333334,1.0,0.9166666666666667,1.0,0.9090909090909091,6,0,1,5
25,RB,True,kmeans,Bayes + análisis,"a*,G,R",0,0,4.517526851149353,0.8611111111111112,0.9166666666666666,0.8333333333333334,1.0,0.9166666666666667,1.0,0.9090909090909091,6,0,1,5
25,RB,True,kmeans,Bayes + SFS,H,0,0,-5.686452815396037,0.9166666666666667,0.9166666666666666,0.8333333333333334,1.0,0.9166666666666667,1.0,0.9090909090909091,6,0,1,5
25,RB,True,kmeans,PCA + Bayes,"PC1,PC2,PC3",0,0,0.8761542152148678,0.8611111111111112,0.8333333333333334,0.6666666666666666,1.0,0.8333333333333333,1.0,0.8,6,0,2,4
25,RB,True,reference_test_swap,Bayes + análisis,"a*,G,R",1,0,4.517526851149353,1.0,1.0,1.0,1.0,1.0,1.0,1.0,6,0,0,6
25,RB,True,reference_test_swap,Bayes + SFS,H,1,0,-5.686452815396037,1.0,1.0,1.0,1.0,1.0,1.0,1.0,6,0,0,6
25,RB,True,reference_test_swap,PCA + Bayes,"PC1,PC2,PC3",2,0,0.8761542152148678,1.0,1.0,1.0,1.0,1.0,1.0,1.0,6,0,0,6
25,RB,True,reference_fixed,Bayes + análisis,"a*,G,R",1,0,6.515135280040345,1.0,1.0,1.0,1.0,1.0,1.0,1.0,6,0,0,6
25,RB,True,reference_fixed,Bayes + SFS,H,1,0,-7.089965915846907,1.0,1.0,1.0,1.0,1.0,1.0,1.0,6,0,0,6
25,RB,True,reference_fixed,PCA + Bayes,"PC1,PC2,PC3",2,0,-1.1068265991199215,1.0,1.0,1.0,1.0,1.0,1.0,1.0,6,0,0,6
25,RB,True,reference_redesign,Bayes + análisis,"a*,R,S",1,0,6.2123990365704955,1.0,1.0,1.0,1.0,1.0,1.0,1.0,6,0,0,6
25,RB,True,reference_redesign,Bayes + SFS,H,1,0,-7.089965915846907,1.0,1.0,1.0,1.0,1.0,1.0,1.0,6,0,0,6
25,RB,True,reference_redesign,PCA + Bayes,"PC1,PC2,PC3",2,0,-1.1068265991199215,1.0,1.0,1.0,1.0,1.0,1.0,1.0,6,0,0,6
25,RB,True,kmeans_linear_hue,Bayes + análisis,"a*,G,R",0,0,4.517526851149353,0.8611111111111112,0.9166666666666666,0.8333333333333334,1.0,0.9166666666666667,1.0,0.9090909090909091,6,0,1,5
25,RB,True,kmeans_linear_hue,Bayes + SFS,a*,0,0,4.98088951692501,0.8611111111111112,0.9166666666666666,0.8333333333333334,1.0,0.9166666666666667,1.0,0.9090909090909091,6,0,1,5
25,RB,True,kmeans_linear_hue,PCA + Bayes,"PC1,PC2,PC3,PC4",0,0,-0.2212935198414221,0.8611111111111112,0.8333333333333334,0.6666666666666666,1.0,0.8333333333333333,1.0,0.8,6,0,2,4
26,RG,True,kmeans,Bayes + análisis,"a*,R,S",0,0,0.30755326781362946,1.0,1.0,1.0,1.0,1.0,1.0,1.0,6,0,0,6
26,RG,True,kmeans,Bayes + SFS,H,0,0,-1.9325653396630993,1.0,1.0,1.0,1.0,1.0,1.0,1.0,6,0,0,6
26,RG,True,kmeans,PCA + Bayes,"PC1,PC2,PC3",0,0,-0.3735568295519722,1.0,1.0,1.0,1.0,1.0,1.0,1.0,6,0,0,6
26,RG,True,reference_test_swap,Bayes + análisis,"a*,R,S",0,0,0.30755326781362946,1.0,1.0,1.0,1.0,1.0,1.0,1.0,6,0,0,6
26,RG,True,reference_test_swap,Bayes + SFS,H,0,0,-1.9325653396630993,1.0,1.0,1.0,1.0,1.0,1.0,1.0,6,0,0,6
26,RG,True,reference_test_swap,PCA + Bayes,"PC1,PC2,PC3",0,2,-0.3735568295519722,1.0,0.8333333333333334,1.0,0.6666666666666666,0.8333333333333333,0.75,0.8571428571428571,4,2,0,6
26,RG,True,reference_fixed,Bayes + análisis,"a*,R,S",0,0,-12.560974121875612,1.0,1.0,1.0,1.0,1.0,1.0,1.0,6,0,0,6
26,RG,True,reference_fixed,Bayes + SFS,H,0,0,-13.997791126958045,1.0,1.0,1.0,1.0,1.0,1.0,1.0,6,0,0,6
26,RG,True,reference_fixed,PCA + Bayes,"PC1,PC2,PC3",0,0,-7.6774452703869525,1.0,1.0,1.0,1.0,1.0,1.0,1.0,6,0,0,6
26,RG,True,reference_redesign,Bayes + análisis,"a*,R,S",0,0,-12.560974121875612,1.0,1.0,1.0,1.0,1.0,1.0,1.0,6,0,0,6
26,RG,True,reference_redesign,Bayes + SFS,G,0,1,3.1675952356302064,1.0,0.9166666666666666,0.8333333333333334,1.0,0.9166666666666667,1.0,0.9090909090909091,6,0,1,5
26,RG,True,reference_redesign,PCA + Bayes,"PC1,PC2,PC3",0,0,-7.6774452703869525,1.0,1.0,1.0,1.0,1.0,1.0,1.0,6,0,0,6
26,RG,True,kmeans_linear_hue,Bayes + análisis,"a*,R,H",0,0,0.41701983994319747,1.0,1.0,1.0,1.0,1.0,1.0,1.0,6,0,0,6
26,RG,True,kmeans_linear_hue,Bayes + SFS,a*,0,0,-0.8341265424441113,1.0,1.0,1.0,1.0,1.0,1.0,1.0,6,0,0,6
26,RG,True,kmeans_linear_hue,PCA + Bayes,"PC1,PC2,PC3,PC4",0,2,-2.0313916584808807,1.0,0.8333333333333334,1.0,0.6666666666666666,0.8333333333333333,0.75,0.8571428571428571,4,2,0,6
27,RB,True,kmeans,Bayes + análisis,"H,G,R",0,0,-0.012467712944700615,0.9722222222222223,0.9166666666666666,0.8333333333333334,1.0,0.9166666666666667,1.0,0.9090909090909091,6,0,1,5
27,RB,True,kmeans,Bayes + SFS,H,0,0,1.1719909285719132,0.9722222222222223,0.9166666666666666,0.8333333333333334,1.0,0.9166666666666667,1.0,0.9090909090909091,6,0,1,5
27,RB,True,kmeans,PCA + Bayes,"PC1,PC2,PC3",0,0,-0.1333733995005404,0.8611111111111112,0.9166666666666666,0.8333333333333334,1.0,0.9166666666666667,1.0,0.9090909090909091,6,0,1,5
27,RB,True,reference_test_swap,Bayes + análisis,"H,G,R",1,0,-0.012467712944700615,1.0,1.0,1.0,1.0,1.0,1.0,1.0,6,0,0,6
27,RB,True,reference_test_swap,Bayes + SFS,H,1,0,1.1719909285719132,1.0,1.0,1.0,1.0,1.0,1.0,1.0,6,0,0,6
27,RB,True,reference_test_swap,PCA + Bayes,"PC1,PC2,PC3",1,0,-0.1333733995005404,1.0,1.0,1.0,1.0,1.0,1.0,1.0,6,0,0,6
27,RB,True,reference_fixed,Bayes + análisis,"H,G,R",1,0,4.003199208973843,1.0,1.0,1.0,1.0,1.0,1.0,1.0,6,0,0,6
27,RB,True,reference_fixed,Bayes + SFS,H,1,0,2.136640316909105,1.0,1.0,1.0,1.0,1.0,1.0,1.0,6,0,0,6
27,RB,True,reference_fixed,PCA + Bayes,"PC1,PC2,PC3",1,0,-4.564701536415864,1.0,1.0,1.0,1.0,1.0,1.0,1.0,6,0,0,6
27,RB,True,reference_redesign,Bayes + análisis,"a*,R,S",1,0,7.557650003138365,1.0,1.0,1.0,1.0,1.0,1.0,1.0,6,0,0,6
27,RB,True,reference_redesign,Bayes + SFS,H,1,0,2.136640316909105,1.0,1.0,1.0,1.0,1.0,1.0,1.0,6,0,0,6
27,RB,True,reference_redesign,PCA + Bayes,"PC1,PC2,PC3",1,0,-4.564701536415864,1.0,1.0,1.0,1.0,1.0,1.0,1.0,6,0,0,6
27,RB,True,kmeans_linear_hue,Bayes + análisis,"a*,R,H",0,0,0.5913227108079209,0.8611111111111112,0.9166666666666666,0.8333333333333334,1.0,0.9166666666666667,1.0,0.9090909090909091,6,0,1,5
27,RB,True,kmeans_linear_hue,Bayes + SFS,a*,0,0,1.2400972429128383,0.888888888888889,0.9166666666666666,0.8333333333333334,1.0,0.9166666666666667,1.0,0.9090909090909091,6,0,1,5
27,RB,True,kmeans_linear_hue,PCA + Bayes,"PC1,PC2,PC3,PC4",0,2,2.8510447448966523,0.7500000000000001,0.75,0.6666666666666666,0.8333333333333334,0.75,0.8,0.7272727272727272,5,1,2,4
28,RB,True,kmeans,Bayes + análisis,"H,G,S",0,0,-1.3734871178061523,1.0,1.0,1.0,1.0,1.0,1.0,1.0,6,0,0,6
28,RB,True,kmeans,Bayes + SFS,"H,B",0,0,-0.48805604978919614,1.0,1.0,1.0,1.0,1.0,1.0,1.0,6,0,0,6
28,RB,True,kmeans,PCA + Bayes,"PC1,PC2,PC3",0,0,0.9803233299807328,1.0,0.8333333333333334,0.6666666666666666,1.0,0.8333333333333333,1.0,0.8,6,0,2,4
28,RB,True,reference_test_swap,Bayes + análisis,"H,G,S",0,0,-1.3734871178061523,1.0,1.0,1.0,1.0,1.0,1.0,1.0,6,0,0,6
28,RB,True,reference_test_swap,Bayes + SFS,"H,B",0,0,-0.48805604978919614,1.0,1.0,1.0,1.0,1.0,1.0,1.0,6,0,0,6
28,RB,True,reference_test_swap,PCA + Bayes,"PC1,PC2,PC3",2,0,0.9803233299807328,1.0,1.0,1.0,1.0,1.0,1.0,1.0,6,0,0,6
28,RB,True,reference_fixed,Bayes + análisis,"H,G,S",0,0,-5.147434165434536,1.0,1.0,1.0,1.0,1.0,1.0,1.0,6,0,0,6
28,RB,True,reference_fixed,Bayes + SFS,"H,B",0,0,-5.2171689139410935,1.0,1.0,1.0,1.0,1.0,1.0,1.0,6,0,0,6
28,RB,True,reference_fixed,PCA + Bayes,"PC1,PC2,PC3",2,0,-2.9931051302696474,1.0,1.0,1.0,1.0,1.0,1.0,1.0,6,0,0,6
28,RB,True,reference_redesign,Bayes + análisis,"a*,S,R",0,0,-0.8258792161230168,1.0,1.0,1.0,1.0,1.0,1.0,1.0,6,0,0,6
28,RB,True,reference_redesign,Bayes + SFS,H,0,0,-5.983507514170073,1.0,1.0,1.0,1.0,1.0,1.0,1.0,6,0,0,6
28,RB,True,reference_redesign,PCA + Bayes,"PC1,PC2,PC3",2,0,-2.9931051302696474,1.0,1.0,1.0,1.0,1.0,1.0,1.0,6,0,0,6
28,RB,True,kmeans_linear_hue,Bayes + análisis,"a*,S,H",0,0,-0.39632129529863835,1.0,1.0,1.0,1.0,1.0,1.0,1.0,6,0,0,6
28,RB,True,kmeans_linear_hue,Bayes + SFS,"a*,B,S,H",0,0,-0.649335759539559,1.0,1.0,1.0,1.0,1.0,1.0,1.0,6,0,0,6
28,RB,True,kmeans_linear_hue,PCA + Bayes,"PC1,PC2,PC3,PC4",2,1,-1.873749953850698,1.0,0.9166666666666666,1.0,0.8333333333333334,0.9166666666666667,0.8571428571428571,0.923076923076923,5,1,0,6
29,RG,True,kmeans,Bayes + análisis,"H,G,R",0,0,-2.209720388628231,1.0,1.0,1.0,1.0,1.0,1.0,1.0,6,0,0,6
29,RG,True,kmeans,Bayes + SFS,"H,S,G,V",0,0,-3.584849048925342,1.0,0.9166666666666666,1.0,0.8333333333333334,0.9166666666666667,0.8571428571428571,0.923076923076923,5,1,0,6
29,RG,True,kmeans,PCA + Bayes,"PC1,PC2,PC3",0,0,-1.3114088356053388,1.0,1.0,1.0,1.0,1.0,1.0,1.0,6,0,0,6
29,RG,True,reference_test_swap,Bayes + análisis,"H,G,R",0,0,-2.209720388628231,1.0,1.0,1.0,1.0,1.0,1.0,1.0,6,0,0,6
29,RG,True,reference_test_swap,Bayes + SFS,"H,S,G,V",1,0,-3.584849048925342,1.0,1.0,1.0,1.0,1.0,1.0,1.0,6,0,0,6
29,RG,True,reference_test_swap,PCA + Bayes,"PC1,PC2,PC3",0,0,-1.3114088356053388,1.0,1.0,1.0,1.0,1.0,1.0,1.0,6,0,0,6
29,RG,True,reference_fixed,Bayes + análisis,"H,G,R",0,0,-29.69209625848592,1.0,1.0,1.0,1.0,1.0,1.0,1.0,6,0,0,6
29,RG,True,reference_fixed,Bayes + SFS,"H,S,G,V",1,0,-28.70753748685603,1.0,1.0,1.0,1.0,1.0,1.0,1.0,6,0,0,6
29,RG,True,reference_fixed,PCA + Bayes,"PC1,PC2,PC3",0,0,-3.831846229163032,1.0,1.0,1.0,1.0,1.0,1.0,1.0,6,0,0,6
29,RG,True,reference_redesign,Bayes + análisis,"a*,R,S",0,0,-36.291898922470914,1.0,1.0,1.0,1.0,1.0,1.0,1.0,6,0,0,6
29,RG,True,reference_redesign,Bayes + SFS,H,1,0,-24.343870323346525,1.0,1.0,1.0,1.0,1.0,1.0,1.0,6,0,0,6
29,RG,True,reference_redesign,PCA + Bayes,"PC1,PC2,PC3",0,0,-3.831846229163032,1.0,1.0,1.0,1.0,1.0,1.0,1.0,6,0,0,6
29,RG,True,kmeans_linear_hue,Bayes + análisis,"a*,R,S",0,0,-1.321558132743565,1.0,1.0,1.0,1.0,1.0,1.0,1.0,6,0,0,6
29,RG,True,kmeans_linear_hue,Bayes + SFS,"a*,S,B,V",1,0,-2.5729645218080726,1.0,1.0,1.0,1.0,1.0,1.0,1.0,6,0,0,6
29,RG,True,kmeans_linear_hue,PCA + Bayes,"PC1,PC2,PC3,PC4",0,1,-1.68602883317969,1.0,0.9166666666666666,1.0,0.8333333333333334,0.9166666666666667,0.8571428571428571,0.923076923076923,5,1,0,6
